Year,series,station,data,value
1909,national_7_stn_temp_data,Auckland,Temp,
1910,national_7_stn_temp_data,Auckland,Temp,14.97
1911,national_7_stn_temp_data,Auckland,Temp,14.33
1912,national_7_stn_temp_data,Auckland,Temp,13.54
1913,national_7_stn_temp_data,Auckland,Temp,13.76
1914,national_7_stn_temp_data,Auckland,Temp,13.68
1915,national_7_stn_temp_data,Auckland,Temp,14.36
1916,national_7_stn_temp_data,Auckland,Temp,15.26
1917,national_7_stn_temp_data,Auckland,Temp,14.86
1961,national_7_stn_temp_data,7_Stn_Composite,5_yr_mean,-0.3
1962,national_7_stn_temp_data,7_Stn_Composite,5_yr_mean,-0.32
1963,national_7_stn_temp_data,7_Stn_Composite,5_yr_mean,-0.4
1964,national_7_stn_temp_data,7_Stn_Composite,5_yr_mean,-0.43
1965,national_7_stn_temp_data,7_Stn_Composite,5_yr_mean,-0.55
1966,national_7_stn_temp_data,7_Stn_Composite,5_yr_mean,-0.5
1967,national_7_stn_temp_data,7_Stn_Composite,5_yr_mean,-0.47
1968,national_7_stn_temp_data,7_Stn_Composite,5_yr_mean,-0.27
1969,national_7_stn_temp_data,7_Stn_Composite,5_yr_mean,-0.08
1970,national_7_stn_temp_data,7_Stn_Composite,5_yr_mean,-0.09
1971,national_7_stn_temp_data,7_Stn_Composite,5_yr_mean,0.01
1972,national_7_stn_temp_data,7_Stn_Composite,5_yr_mean,0.12
1973,national_7_stn_temp_data,7_Stn_Composite,5_yr_mean,0.07
1974,national_7_stn_temp_data,7_Stn_Composite,5_yr_mean,-0.21
1975,national_7_stn_temp_data,7_Stn_Composite,5_yr_mean,-0.3
1976,national_7_stn_temp_data,7_Stn_Composite,5_yr_mean,-0.28
1918,national_7_stn_temp_data,Auckland,Temp,14.22
1919,national_7_stn_temp_data,Auckland,Temp,13.43
1920,national_7_stn_temp_data,Auckland,Temp,13.98
1921,national_7_stn_temp_data,Auckland,Temp,14.27
1922,national_7_stn_temp_data,Auckland,Temp,14.56
1923,national_7_stn_temp_data,Auckland,Temp,14.11
1924,national_7_stn_temp_data,Auckland,Temp,14.96
1925,national_7_stn_temp_data,Auckland,Temp,14.06
1926,national_7_stn_temp_data,Auckland,Temp,14.14
1927,national_7_stn_temp_data,Auckland,Temp,14.08
1928,national_7_stn_temp_data,Auckland,Temp,15.21
1929,national_7_stn_temp_data,Auckland,Temp,14.7
1930,national_7_stn_temp_data,Auckland,Temp,14
1931,national_7_stn_temp_data,Auckland,Temp,14.06
1932,national_7_stn_temp_data,Auckland,Temp,14.26
1933,national_7_stn_temp_data,Auckland,Temp,14.66
1934,national_7_stn_temp_data,Auckland,Temp,14.61
1935,national_7_stn_temp_data,Auckland,Temp,14.89
1936,national_7_stn_temp_data,Auckland,Temp,14.26
1937,national_7_stn_temp_data,Auckland,Temp,14.21
1938,national_7_stn_temp_data,Auckland,Temp,15.57
1939,national_7_stn_temp_data,Auckland,Temp,14.22
1940,national_7_stn_temp_data,Auckland,Temp,14.05
1941,national_7_stn_temp_data,Auckland,Temp,14.32
1942,national_7_stn_temp_data,Auckland,Temp,14.69
1943,national_7_stn_temp_data,Auckland,Temp,14.34
1944,national_7_stn_temp_data,Auckland,Temp,14.17
1945,national_7_stn_temp_data,Auckland,Temp,13.91
1946,national_7_stn_temp_data,Auckland,Temp,14.68
1947,national_7_stn_temp_data,Auckland,Temp,14.44
1948,national_7_stn_temp_data,Auckland,Temp,14.9
1949,national_7_stn_temp_data,Auckland,Temp,14.56
1950,national_7_stn_temp_data,Auckland,Temp,15.15
1951,national_7_stn_temp_data,Auckland,Temp,14.52
1952,national_7_stn_temp_data,Auckland,Temp,14.68
1953,national_7_stn_temp_data,Auckland,Temp,14.94
1954,national_7_stn_temp_data,Auckland,Temp,15.15
1955,national_7_stn_temp_data,Auckland,Temp,15.48
1956,national_7_stn_temp_data,Auckland,Temp,15.55
1957,national_7_stn_temp_data,Auckland,Temp,14.87
1958,national_7_stn_temp_data,Auckland,Temp,15.1
1959,national_7_stn_temp_data,Auckland,Temp,14.77
1960,national_7_stn_temp_data,Auckland,Temp,14.72
1961,national_7_stn_temp_data,Auckland,Temp,14.82
1962,national_7_stn_temp_data,Auckland,Temp,15.55
1963,national_7_stn_temp_data,Auckland,Temp,14.72
1964,national_7_stn_temp_data,Auckland,Temp,14.58
1965,national_7_stn_temp_data,Auckland,Temp,14.24
1966,national_7_stn_temp_data,Auckland,Temp,14.64
1967,national_7_stn_temp_data,Auckland,Temp,15.03
1968,national_7_stn_temp_data,Auckland,Temp,14.75
1969,national_7_stn_temp_data,Auckland,Temp,14.69
1970,national_7_stn_temp_data,Auckland,Temp,15.71
1971,national_7_stn_temp_data,Auckland,Temp,15.82
1972,national_7_stn_temp_data,Auckland,Temp,15.06
1973,national_7_stn_temp_data,Auckland,Temp,15.53
1974,national_7_stn_temp_data,Auckland,Temp,15.98
1975,national_7_stn_temp_data,Auckland,Temp,15.54
1976,national_7_stn_temp_data,Auckland,Temp,14.65
1977,national_7_stn_temp_data,Auckland,Temp,14.48
1978,national_7_stn_temp_data,Auckland,Temp,15.25
1979,national_7_stn_temp_data,Auckland,Temp,15.49
1980,national_7_stn_temp_data,Auckland,Temp,14.85
1981,national_7_stn_temp_data,Auckland,Temp,15.59
1982,national_7_stn_temp_data,Auckland,Temp,14.56
1983,national_7_stn_temp_data,Auckland,Temp,14.87
1984,national_7_stn_temp_data,Auckland,Temp,15.31
1985,national_7_stn_temp_data,Auckland,Temp,15.36
1986,national_7_stn_temp_data,Auckland,Temp,15.36
1987,national_7_stn_temp_data,Auckland,Temp,15.44
1988,national_7_stn_temp_data,Auckland,Temp,15.86
1989,national_7_stn_temp_data,Auckland,Temp,15.5
1990,national_7_stn_temp_data,Auckland,Temp,15.8
1991,national_7_stn_temp_data,Auckland,Temp,15.01
1992,national_7_stn_temp_data,Auckland,Temp,14.54
1993,national_7_stn_temp_data,Auckland,Temp,14.69
1994,national_7_stn_temp_data,Auckland,Temp,15.16
1995,national_7_stn_temp_data,Auckland,Temp,15.74
1996,national_7_stn_temp_data,Auckland,Temp,15.43
1997,national_7_stn_temp_data,Auckland,Temp,15.05
1998,national_7_stn_temp_data,Auckland,Temp,16.55
1999,national_7_stn_temp_data,Auckland,Temp,16.03
2000,national_7_stn_temp_data,Auckland,Temp,15.76
2001,national_7_stn_temp_data,Auckland,Temp,15.78
2002,national_7_stn_temp_data,Auckland,Temp,15.43
2003,national_7_stn_temp_data,Auckland,Temp,15.47
2004,national_7_stn_temp_data,Auckland,Temp,14.93
2005,national_7_stn_temp_data,Auckland,Temp,16.07
2006,national_7_stn_temp_data,Auckland,Temp,15.29
2007,national_7_stn_temp_data,Auckland,Temp,15.64
2008,national_7_stn_temp_data,Auckland,Temp,15.71
2009,national_7_stn_temp_data,Auckland,Temp,15.14
2010,national_7_stn_temp_data,Auckland,Temp,15.98
2011,national_7_stn_temp_data,Auckland,Temp,15.84
2012,national_7_stn_temp_data,Auckland,Temp,15.43
2013,national_7_stn_temp_data,Auckland,Temp,16.09
1909,national_7_stn_temp_data,Auckland,Anomaly,
1910,national_7_stn_temp_data,Auckland,Anomaly,-0.46
1911,national_7_stn_temp_data,Auckland,Anomaly,-1.11
1912,national_7_stn_temp_data,Auckland,Anomaly,-1.9
1913,national_7_stn_temp_data,Auckland,Anomaly,-1.68
1914,national_7_stn_temp_data,Auckland,Anomaly,-1.76
1915,national_7_stn_temp_data,Auckland,Anomaly,-1.08
1916,national_7_stn_temp_data,Auckland,Anomaly,-0.17
1917,national_7_stn_temp_data,Auckland,Anomaly,-0.57
1918,national_7_stn_temp_data,Auckland,Anomaly,-1.21
1919,national_7_stn_temp_data,Auckland,Anomaly,-2.01
1920,national_7_stn_temp_data,Auckland,Anomaly,-1.46
1921,national_7_stn_temp_data,Auckland,Anomaly,-1.16
1922,national_7_stn_temp_data,Auckland,Anomaly,-0.87
1923,national_7_stn_temp_data,Auckland,Anomaly,-1.32
1924,national_7_stn_temp_data,Auckland,Anomaly,-0.47
1925,national_7_stn_temp_data,Auckland,Anomaly,-1.38
1926,national_7_stn_temp_data,Auckland,Anomaly,-1.3
1927,national_7_stn_temp_data,Auckland,Anomaly,-1.36
1928,national_7_stn_temp_data,Auckland,Anomaly,-0.23
1929,national_7_stn_temp_data,Auckland,Anomaly,-0.74
1930,national_7_stn_temp_data,Auckland,Anomaly,-1.44
1931,national_7_stn_temp_data,Auckland,Anomaly,-1.37
1932,national_7_stn_temp_data,Auckland,Anomaly,-1.18
1933,national_7_stn_temp_data,Auckland,Anomaly,-0.78
1934,national_7_stn_temp_data,Auckland,Anomaly,-0.82
1935,national_7_stn_temp_data,Auckland,Anomaly,-0.55
1936,national_7_stn_temp_data,Auckland,Anomaly,-1.18
1937,national_7_stn_temp_data,Auckland,Anomaly,-1.22
1938,national_7_stn_temp_data,Auckland,Anomaly,0.14
1939,national_7_stn_temp_data,Auckland,Anomaly,-1.21
1940,national_7_stn_temp_data,Auckland,Anomaly,-1.39
1941,national_7_stn_temp_data,Auckland,Anomaly,-1.11
1942,national_7_stn_temp_data,Auckland,Anomaly,-0.75
1943,national_7_stn_temp_data,Auckland,Anomaly,-1.1
1944,national_7_stn_temp_data,Auckland,Anomaly,-1.26
1945,national_7_stn_temp_data,Auckland,Anomaly,-1.52
1946,national_7_stn_temp_data,Auckland,Anomaly,-0.76
1947,national_7_stn_temp_data,Auckland,Anomaly,-1
1948,national_7_stn_temp_data,Auckland,Anomaly,-0.54
1949,national_7_stn_temp_data,Auckland,Anomaly,-0.87
1950,national_7_stn_temp_data,Auckland,Anomaly,-0.29
1951,national_7_stn_temp_data,Auckland,Anomaly,-0.92
1952,national_7_stn_temp_data,Auckland,Anomaly,-0.76
1953,national_7_stn_temp_data,Auckland,Anomaly,-0.49
1954,national_7_stn_temp_data,Auckland,Anomaly,-0.29
1955,national_7_stn_temp_data,Auckland,Anomaly,0.05
1956,national_7_stn_temp_data,Auckland,Anomaly,0.11
1957,national_7_stn_temp_data,Auckland,Anomaly,-0.57
1958,national_7_stn_temp_data,Auckland,Anomaly,-0.34
1959,national_7_stn_temp_data,Auckland,Anomaly,-0.67
1960,national_7_stn_temp_data,Auckland,Anomaly,-0.72
1961,national_7_stn_temp_data,Auckland,Anomaly,-0.62
1962,national_7_stn_temp_data,Auckland,Anomaly,0.11
1963,national_7_stn_temp_data,Auckland,Anomaly,-0.72
1964,national_7_stn_temp_data,Auckland,Anomaly,-0.86
1965,national_7_stn_temp_data,Auckland,Anomaly,-1.19
1966,national_7_stn_temp_data,Auckland,Anomaly,-0.79
1967,national_7_stn_temp_data,Auckland,Anomaly,-0.41
1968,national_7_stn_temp_data,Auckland,Anomaly,-0.69
1969,national_7_stn_temp_data,Auckland,Anomaly,-0.74
1970,national_7_stn_temp_data,Auckland,Anomaly,0.27
1971,national_7_stn_temp_data,Auckland,Anomaly,0.38
1972,national_7_stn_temp_data,Auckland,Anomaly,-0.38
1973,national_7_stn_temp_data,Auckland,Anomaly,0.1
1974,national_7_stn_temp_data,Auckland,Anomaly,0.55
1975,national_7_stn_temp_data,Auckland,Anomaly,0.11
1976,national_7_stn_temp_data,Auckland,Anomaly,-0.79
1977,national_7_stn_temp_data,Auckland,Anomaly,-0.96
1978,national_7_stn_temp_data,Auckland,Anomaly,-0.18
1979,national_7_stn_temp_data,Auckland,Anomaly,0.06
1980,national_7_stn_temp_data,Auckland,Anomaly,-0.58
1981,national_7_stn_temp_data,Auckland,Anomaly,0.16
1982,national_7_stn_temp_data,Auckland,Anomaly,-0.88
1983,national_7_stn_temp_data,Auckland,Anomaly,-0.57
1984,national_7_stn_temp_data,Auckland,Anomaly,-0.13
1985,national_7_stn_temp_data,Auckland,Anomaly,-0.08
1986,national_7_stn_temp_data,Auckland,Anomaly,-0.08
1987,national_7_stn_temp_data,Auckland,Anomaly,0
1988,national_7_stn_temp_data,Auckland,Anomaly,0.42
1989,national_7_stn_temp_data,Auckland,Anomaly,0.07
1990,national_7_stn_temp_data,Auckland,Anomaly,0.37
1991,national_7_stn_temp_data,Auckland,Anomaly,-0.43
1992,national_7_stn_temp_data,Auckland,Anomaly,-0.89
1993,national_7_stn_temp_data,Auckland,Anomaly,-0.74
1994,national_7_stn_temp_data,Auckland,Anomaly,-0.28
1995,national_7_stn_temp_data,Auckland,Anomaly,0.31
1996,national_7_stn_temp_data,Auckland,Anomaly,-0.01
1997,national_7_stn_temp_data,Auckland,Anomaly,-0.38
1998,national_7_stn_temp_data,Auckland,Anomaly,1.11
1999,national_7_stn_temp_data,Auckland,Anomaly,0.6
2000,national_7_stn_temp_data,Auckland,Anomaly,0.32
2001,national_7_stn_temp_data,Auckland,Anomaly,0.35
2002,national_7_stn_temp_data,Auckland,Anomaly,0
2003,national_7_stn_temp_data,Auckland,Anomaly,0.03
2004,national_7_stn_temp_data,Auckland,Anomaly,-0.51
2005,national_7_stn_temp_data,Auckland,Anomaly,0.63
2006,national_7_stn_temp_data,Auckland,Anomaly,-0.14
2007,national_7_stn_temp_data,Auckland,Anomaly,0.21
2008,national_7_stn_temp_data,Auckland,Anomaly,0.27
2009,national_7_stn_temp_data,Auckland,Anomaly,-0.29
2010,national_7_stn_temp_data,Auckland,Anomaly,0.55
2011,national_7_stn_temp_data,Auckland,Anomaly,0.41
2012,national_7_stn_temp_data,Auckland,Anomaly,-0.01
2013,national_7_stn_temp_data,Auckland,Anomaly,0.66
1909,national_7_stn_temp_data,Masterton,Temp,
1910,national_7_stn_temp_data,Masterton,Temp,
1911,national_7_stn_temp_data,Masterton,Temp,
1912,national_7_stn_temp_data,Masterton,Temp,11.34
1913,national_7_stn_temp_data,Masterton,Temp,11.39
1914,national_7_stn_temp_data,Masterton,Temp,11.18
1915,national_7_stn_temp_data,Masterton,Temp,12.2
1916,national_7_stn_temp_data,Masterton,Temp,13.24
1917,national_7_stn_temp_data,Masterton,Temp,13.12
1918,national_7_stn_temp_data,Masterton,Temp,11.92
1919,national_7_stn_temp_data,Masterton,Temp,11.66
1920,national_7_stn_temp_data,Masterton,Temp,11.85
1921,national_7_stn_temp_data,Masterton,Temp,11.97
1922,national_7_stn_temp_data,Masterton,Temp,11.93
1923,national_7_stn_temp_data,Masterton,Temp,11.85
1924,national_7_stn_temp_data,Masterton,Temp,12.82
1925,national_7_stn_temp_data,Masterton,Temp,11.82
1926,national_7_stn_temp_data,Masterton,Temp,11.84
1927,national_7_stn_temp_data,Masterton,Temp,11.96
1928,national_7_stn_temp_data,Masterton,Temp,12.53
1929,national_7_stn_temp_data,Masterton,Temp,11.93
1930,national_7_stn_temp_data,Masterton,Temp,10.98
1931,national_7_stn_temp_data,Masterton,Temp,11.43
1932,national_7_stn_temp_data,Masterton,Temp,11.37
1933,national_7_stn_temp_data,Masterton,Temp,12.12
1934,national_7_stn_temp_data,Masterton,Temp,11.97
1935,national_7_stn_temp_data,Masterton,Temp,12.39
1936,national_7_stn_temp_data,Masterton,Temp,11.75
1937,national_7_stn_temp_data,Masterton,Temp,11.6
1938,national_7_stn_temp_data,Masterton,Temp,12.87
1939,national_7_stn_temp_data,Masterton,Temp,11.93
1940,national_7_stn_temp_data,Masterton,Temp,11.39
1941,national_7_stn_temp_data,Masterton,Temp,11.67
1942,national_7_stn_temp_data,Masterton,Temp,11.86
1943,national_7_stn_temp_data,Masterton,Temp,11.85
1944,national_7_stn_temp_data,Masterton,Temp,11.64
1945,national_7_stn_temp_data,Masterton,Temp,11.53
1946,national_7_stn_temp_data,Masterton,Temp,11.74
1947,national_7_stn_temp_data,Masterton,Temp,11.88
1948,national_7_stn_temp_data,Masterton,Temp,12.35
1949,national_7_stn_temp_data,Masterton,Temp,12.03
1950,national_7_stn_temp_data,Masterton,Temp,11.93
1951,national_7_stn_temp_data,Masterton,Temp,11.71
1952,national_7_stn_temp_data,Masterton,Temp,12.19
1953,national_7_stn_temp_data,Masterton,Temp,11.85
1954,national_7_stn_temp_data,Masterton,Temp,12.59
1955,national_7_stn_temp_data,Masterton,Temp,12.77
1956,national_7_stn_temp_data,Masterton,Temp,12.79
1957,national_7_stn_temp_data,Masterton,Temp,12.5
1958,national_7_stn_temp_data,Masterton,Temp,12.54
1959,national_7_stn_temp_data,Masterton,Temp,11.89
1960,national_7_stn_temp_data,Masterton,Temp,11.94
1961,national_7_stn_temp_data,Masterton,Temp,12.08
1962,national_7_stn_temp_data,Masterton,Temp,12.91
1963,national_7_stn_temp_data,Masterton,Temp,11.87
1964,national_7_stn_temp_data,Masterton,Temp,12.17
1965,national_7_stn_temp_data,Masterton,Temp,11.87
1966,national_7_stn_temp_data,Masterton,Temp,11.96
1967,national_7_stn_temp_data,Masterton,Temp,12.05
1968,national_7_stn_temp_data,Masterton,Temp,12.33
1969,national_7_stn_temp_data,Masterton,Temp,12.16
1970,national_7_stn_temp_data,Masterton,Temp,12.92
1971,national_7_stn_temp_data,Masterton,Temp,12.79
1972,national_7_stn_temp_data,Masterton,Temp,12.09
1973,national_7_stn_temp_data,Masterton,Temp,13.01
1974,national_7_stn_temp_data,Masterton,Temp,12.69
1975,national_7_stn_temp_data,Masterton,Temp,12.6
1976,national_7_stn_temp_data,Masterton,Temp,11.53
1977,national_7_stn_temp_data,Masterton,Temp,11.66
1978,national_7_stn_temp_data,Masterton,Temp,12.91
1979,national_7_stn_temp_data,Masterton,Temp,12.69
1980,national_7_stn_temp_data,Masterton,Temp,12.13
1981,national_7_stn_temp_data,Masterton,Temp,13.13
1982,national_7_stn_temp_data,Masterton,Temp,12.13
1983,national_7_stn_temp_data,Masterton,Temp,12.23
1984,national_7_stn_temp_data,Masterton,Temp,12.69
1985,national_7_stn_temp_data,Masterton,Temp,12.79
1986,national_7_stn_temp_data,Masterton,Temp,12.55
1987,national_7_stn_temp_data,Masterton,Temp,12.51
1988,national_7_stn_temp_data,Masterton,Temp,13.18
1989,national_7_stn_temp_data,Masterton,Temp,13.03
1990,national_7_stn_temp_data,Masterton,Temp,13.14
1991,national_7_stn_temp_data,Masterton,Temp,12.16
1992,national_7_stn_temp_data,Masterton,Temp,11.2
1993,national_7_stn_temp_data,Masterton,Temp,11.39
1994,national_7_stn_temp_data,Masterton,Temp,12.42
1995,national_7_stn_temp_data,Masterton,Temp,12.72
1996,national_7_stn_temp_data,Masterton,Temp,12.33
1997,national_7_stn_temp_data,Masterton,Temp,11.93
1998,national_7_stn_temp_data,Masterton,Temp,13.52
1999,national_7_stn_temp_data,Masterton,Temp,13.08
2000,national_7_stn_temp_data,Masterton,Temp,12.47
2001,national_7_stn_temp_data,Masterton,Temp,12.77
2002,national_7_stn_temp_data,Masterton,Temp,12.47
2003,national_7_stn_temp_data,Masterton,Temp,12.54
2004,national_7_stn_temp_data,Masterton,Temp,12.32
2005,national_7_stn_temp_data,Masterton,Temp,13.03
2006,national_7_stn_temp_data,Masterton,Temp,12.41
2007,national_7_stn_temp_data,Masterton,Temp,12.64
2008,national_7_stn_temp_data,Masterton,Temp,12.9
2009,national_7_stn_temp_data,Masterton,Temp,12.24
2010,national_7_stn_temp_data,Masterton,Temp,13.07
2011,national_7_stn_temp_data,Masterton,Temp,12.62
2012,national_7_stn_temp_data,Masterton,Temp,11.99
2013,national_7_stn_temp_data,Masterton,Temp,13.28
1909,national_7_stn_temp_data,Masterton,Anomaly,
1910,national_7_stn_temp_data,Masterton,Anomaly,
1911,national_7_stn_temp_data,Masterton,Anomaly,
1912,national_7_stn_temp_data,Masterton,Anomaly,-1.22
1913,national_7_stn_temp_data,Masterton,Anomaly,-1.17
1914,national_7_stn_temp_data,Masterton,Anomaly,-1.39
1915,national_7_stn_temp_data,Masterton,Anomaly,-0.37
1916,national_7_stn_temp_data,Masterton,Anomaly,0.68
1917,national_7_stn_temp_data,Masterton,Anomaly,0.56
1918,national_7_stn_temp_data,Masterton,Anomaly,-0.65
1919,national_7_stn_temp_data,Masterton,Anomaly,-0.91
1920,national_7_stn_temp_data,Masterton,Anomaly,-0.72
1921,national_7_stn_temp_data,Masterton,Anomaly,-0.6
1922,national_7_stn_temp_data,Masterton,Anomaly,-0.64
1923,national_7_stn_temp_data,Masterton,Anomaly,-0.71
1924,national_7_stn_temp_data,Masterton,Anomaly,0.25
1925,national_7_stn_temp_data,Masterton,Anomaly,-0.75
1926,national_7_stn_temp_data,Masterton,Anomaly,-0.73
1927,national_7_stn_temp_data,Masterton,Anomaly,-0.61
1928,national_7_stn_temp_data,Masterton,Anomaly,-0.04
1929,national_7_stn_temp_data,Masterton,Anomaly,-0.63
1930,national_7_stn_temp_data,Masterton,Anomaly,-1.58
1931,national_7_stn_temp_data,Masterton,Anomaly,-1.13
1932,national_7_stn_temp_data,Masterton,Anomaly,-1.2
1933,national_7_stn_temp_data,Masterton,Anomaly,-0.45
1934,national_7_stn_temp_data,Masterton,Anomaly,-0.6
1935,national_7_stn_temp_data,Masterton,Anomaly,-0.17
1936,national_7_stn_temp_data,Masterton,Anomaly,-0.81
1937,national_7_stn_temp_data,Masterton,Anomaly,-0.96
1938,national_7_stn_temp_data,Masterton,Anomaly,0.3
1939,national_7_stn_temp_data,Masterton,Anomaly,-0.63
1940,national_7_stn_temp_data,Masterton,Anomaly,-1.17
1941,national_7_stn_temp_data,Masterton,Anomaly,-0.9
1942,national_7_stn_temp_data,Masterton,Anomaly,-0.71
1943,national_7_stn_temp_data,Masterton,Anomaly,-0.71
1944,national_7_stn_temp_data,Masterton,Anomaly,-0.92
1945,national_7_stn_temp_data,Masterton,Anomaly,-1.04
1946,national_7_stn_temp_data,Masterton,Anomaly,-0.83
1947,national_7_stn_temp_data,Masterton,Anomaly,-0.69
1948,national_7_stn_temp_data,Masterton,Anomaly,-0.22
1949,national_7_stn_temp_data,Masterton,Anomaly,-0.54
1950,national_7_stn_temp_data,Masterton,Anomaly,-0.64
1951,national_7_stn_temp_data,Masterton,Anomaly,-0.85
1952,national_7_stn_temp_data,Masterton,Anomaly,-0.38
1953,national_7_stn_temp_data,Masterton,Anomaly,-0.72
1954,national_7_stn_temp_data,Masterton,Anomaly,0.02
1955,national_7_stn_temp_data,Masterton,Anomaly,0.2
1956,national_7_stn_temp_data,Masterton,Anomaly,0.22
1957,national_7_stn_temp_data,Masterton,Anomaly,-0.06
1958,national_7_stn_temp_data,Masterton,Anomaly,-0.03
1959,national_7_stn_temp_data,Masterton,Anomaly,-0.67
1960,national_7_stn_temp_data,Masterton,Anomaly,-0.62
1961,national_7_stn_temp_data,Masterton,Anomaly,-0.49
1962,national_7_stn_temp_data,Masterton,Anomaly,0.35
1963,national_7_stn_temp_data,Masterton,Anomaly,-0.7
1964,national_7_stn_temp_data,Masterton,Anomaly,-0.4
1965,national_7_stn_temp_data,Masterton,Anomaly,-0.7
1966,national_7_stn_temp_data,Masterton,Anomaly,-0.6
1967,national_7_stn_temp_data,Masterton,Anomaly,-0.51
1968,national_7_stn_temp_data,Masterton,Anomaly,-0.24
1969,national_7_stn_temp_data,Masterton,Anomaly,-0.4
1970,national_7_stn_temp_data,Masterton,Anomaly,0.35
1971,national_7_stn_temp_data,Masterton,Anomaly,0.22
1972,national_7_stn_temp_data,Masterton,Anomaly,-0.48
1973,national_7_stn_temp_data,Masterton,Anomaly,0.45
1974,national_7_stn_temp_data,Masterton,Anomaly,0.13
1975,national_7_stn_temp_data,Masterton,Anomaly,0.04
1976,national_7_stn_temp_data,Masterton,Anomaly,-1.04
1977,national_7_stn_temp_data,Masterton,Anomaly,-0.9
1978,national_7_stn_temp_data,Masterton,Anomaly,0.35
1979,national_7_stn_temp_data,Masterton,Anomaly,0.13
1980,national_7_stn_temp_data,Masterton,Anomaly,-0.44
1981,national_7_stn_temp_data,Masterton,Anomaly,0.56
1982,national_7_stn_temp_data,Masterton,Anomaly,-0.44
1983,national_7_stn_temp_data,Masterton,Anomaly,-0.34
1984,national_7_stn_temp_data,Masterton,Anomaly,0.13
1985,national_7_stn_temp_data,Masterton,Anomaly,0.22
1986,national_7_stn_temp_data,Masterton,Anomaly,-0.01
1987,national_7_stn_temp_data,Masterton,Anomaly,-0.05
1988,national_7_stn_temp_data,Masterton,Anomaly,0.61
1989,national_7_stn_temp_data,Masterton,Anomaly,0.46
1990,national_7_stn_temp_data,Masterton,Anomaly,0.57
1991,national_7_stn_temp_data,Masterton,Anomaly,-0.41
1992,national_7_stn_temp_data,Masterton,Anomaly,-1.37
1993,national_7_stn_temp_data,Masterton,Anomaly,-1.17
1994,national_7_stn_temp_data,Masterton,Anomaly,-0.15
1995,national_7_stn_temp_data,Masterton,Anomaly,0.15
1996,national_7_stn_temp_data,Masterton,Anomaly,-0.23
1997,national_7_stn_temp_data,Masterton,Anomaly,-0.63
1998,national_7_stn_temp_data,Masterton,Anomaly,0.96
1999,national_7_stn_temp_data,Masterton,Anomaly,0.52
2000,national_7_stn_temp_data,Masterton,Anomaly,-0.1
2001,national_7_stn_temp_data,Masterton,Anomaly,0.2
2002,national_7_stn_temp_data,Masterton,Anomaly,-0.1
2003,national_7_stn_temp_data,Masterton,Anomaly,-0.02
2004,national_7_stn_temp_data,Masterton,Anomaly,-0.24
2005,national_7_stn_temp_data,Masterton,Anomaly,0.47
2006,national_7_stn_temp_data,Masterton,Anomaly,-0.16
2007,national_7_stn_temp_data,Masterton,Anomaly,0.08
2008,national_7_stn_temp_data,Masterton,Anomaly,0.33
2009,national_7_stn_temp_data,Masterton,Anomaly,-0.32
2010,national_7_stn_temp_data,Masterton,Anomaly,0.5
2011,national_7_stn_temp_data,Masterton,Anomaly,0.05
2012,national_7_stn_temp_data,Masterton,Anomaly,-0.58
2013,national_7_stn_temp_data,Masterton,Anomaly,0.71
1909,national_7_stn_temp_data,Wellington,Temp,12.59
1910,national_7_stn_temp_data,Wellington,Temp,12.71
1911,national_7_stn_temp_data,Wellington,Temp,12.39
1912,national_7_stn_temp_data,Wellington,Temp,11.76
1913,national_7_stn_temp_data,Wellington,Temp,12.04
1914,national_7_stn_temp_data,Wellington,Temp,12.08
1915,national_7_stn_temp_data,Wellington,Temp,12.28
1916,national_7_stn_temp_data,Wellington,Temp,13.07
1917,national_7_stn_temp_data,Wellington,Temp,13.12
1918,national_7_stn_temp_data,Wellington,Temp,12.22
1919,national_7_stn_temp_data,Wellington,Temp,11.63
1920,national_7_stn_temp_data,Wellington,Temp,11.63
1921,national_7_stn_temp_data,Wellington,Temp,11.97
1922,national_7_stn_temp_data,Wellington,Temp,12.37
1923,national_7_stn_temp_data,Wellington,Temp,12.23
1924,national_7_stn_temp_data,Wellington,Temp,13.03
1925,national_7_stn_temp_data,Wellington,Temp,12.05
1926,national_7_stn_temp_data,Wellington,Temp,12.06
1927,national_7_stn_temp_data,Wellington,Temp,12.09
1928,national_7_stn_temp_data,Wellington,Temp,12.78
1929,national_7_stn_temp_data,Wellington,Temp,12.02
1930,national_7_stn_temp_data,Wellington,Temp,11.38
1931,national_7_stn_temp_data,Wellington,Temp,11.6
1932,national_7_stn_temp_data,Wellington,Temp,11.74
1933,national_7_stn_temp_data,Wellington,Temp,12.37
1934,national_7_stn_temp_data,Wellington,Temp,12.66
1935,national_7_stn_temp_data,Wellington,Temp,12.81
1936,national_7_stn_temp_data,Wellington,Temp,12.2
1937,national_7_stn_temp_data,Wellington,Temp,12.01
1938,national_7_stn_temp_data,Wellington,Temp,13.07
1939,national_7_stn_temp_data,Wellington,Temp,12.27
1940,national_7_stn_temp_data,Wellington,Temp,12.07
1941,national_7_stn_temp_data,Wellington,Temp,12.07
1942,national_7_stn_temp_data,Wellington,Temp,12.44
1943,national_7_stn_temp_data,Wellington,Temp,12.17
1944,national_7_stn_temp_data,Wellington,Temp,12.12
1945,national_7_stn_temp_data,Wellington,Temp,11.9
1946,national_7_stn_temp_data,Wellington,Temp,12.22
1947,national_7_stn_temp_data,Wellington,Temp,12.4
1948,national_7_stn_temp_data,Wellington,Temp,12.72
1949,national_7_stn_temp_data,Wellington,Temp,12.27
1950,national_7_stn_temp_data,Wellington,Temp,12.26
1951,national_7_stn_temp_data,Wellington,Temp,12.12
1952,national_7_stn_temp_data,Wellington,Temp,12.47
1953,national_7_stn_temp_data,Wellington,Temp,12.26
1954,national_7_stn_temp_data,Wellington,Temp,12.7
1955,national_7_stn_temp_data,Wellington,Temp,12.86
1956,national_7_stn_temp_data,Wellington,Temp,13.22
1957,national_7_stn_temp_data,Wellington,Temp,13.02
1958,national_7_stn_temp_data,Wellington,Temp,12.8
1959,national_7_stn_temp_data,Wellington,Temp,12.56
1960,national_7_stn_temp_data,Wellington,Temp,12.52
1961,national_7_stn_temp_data,Wellington,Temp,12.66
1962,national_7_stn_temp_data,Wellington,Temp,13.48
1963,national_7_stn_temp_data,Wellington,Temp,12.34
1964,national_7_stn_temp_data,Wellington,Temp,12.5
1965,national_7_stn_temp_data,Wellington,Temp,12.24
1966,national_7_stn_temp_data,Wellington,Temp,12.21
1967,national_7_stn_temp_data,Wellington,Temp,12.43
1968,national_7_stn_temp_data,Wellington,Temp,12.48
1969,national_7_stn_temp_data,Wellington,Temp,12.47
1970,national_7_stn_temp_data,Wellington,Temp,13.21
1971,national_7_stn_temp_data,Wellington,Temp,13.49
1972,national_7_stn_temp_data,Wellington,Temp,12.42
1973,national_7_stn_temp_data,Wellington,Temp,12.94
1974,national_7_stn_temp_data,Wellington,Temp,12.8
1975,national_7_stn_temp_data,Wellington,Temp,12.95
1976,national_7_stn_temp_data,Wellington,Temp,11.97
1977,national_7_stn_temp_data,Wellington,Temp,11.9
1978,national_7_stn_temp_data,Wellington,Temp,13.01
1979,national_7_stn_temp_data,Wellington,Temp,12.76
1980,national_7_stn_temp_data,Wellington,Temp,12.5
1981,national_7_stn_temp_data,Wellington,Temp,13.13
1982,national_7_stn_temp_data,Wellington,Temp,12.41
1983,national_7_stn_temp_data,Wellington,Temp,12.33
1984,national_7_stn_temp_data,Wellington,Temp,13.12
1985,national_7_stn_temp_data,Wellington,Temp,13.19
1986,national_7_stn_temp_data,Wellington,Temp,13.07
1987,national_7_stn_temp_data,Wellington,Temp,13.12
1988,national_7_stn_temp_data,Wellington,Temp,13.2
1989,national_7_stn_temp_data,Wellington,Temp,13.13
1990,national_7_stn_temp_data,Wellington,Temp,13.37
1991,national_7_stn_temp_data,Wellington,Temp,12.62
1992,national_7_stn_temp_data,Wellington,Temp,11.74
1993,national_7_stn_temp_data,Wellington,Temp,12.17
1994,national_7_stn_temp_data,Wellington,Temp,12.85
1995,national_7_stn_temp_data,Wellington,Temp,12.81
1996,national_7_stn_temp_data,Wellington,Temp,12.86
1997,national_7_stn_temp_data,Wellington,Temp,12.54
1998,national_7_stn_temp_data,Wellington,Temp,13.73
1999,national_7_stn_temp_data,Wellington,Temp,13.78
2000,national_7_stn_temp_data,Wellington,Temp,13.11
2001,national_7_stn_temp_data,Wellington,Temp,13.39
2002,national_7_stn_temp_data,Wellington,Temp,12.91
2003,national_7_stn_temp_data,Wellington,Temp,13.04
2004,national_7_stn_temp_data,Wellington,Temp,12.37
2005,national_7_stn_temp_data,Wellington,Temp,13.42
2006,national_7_stn_temp_data,Wellington,Temp,12.45
2007,national_7_stn_temp_data,Wellington,Temp,12.5
2008,national_7_stn_temp_data,Wellington,Temp,13.23
2009,national_7_stn_temp_data,Wellington,Temp,12.41
2010,national_7_stn_temp_data,Wellington,Temp,13.03
2011,national_7_stn_temp_data,Wellington,Temp,13
2012,national_7_stn_temp_data,Wellington,Temp,12.61
2013,national_7_stn_temp_data,Wellington,Temp,13.64
1909,national_7_stn_temp_data,Wellington,Anomaly,-0.32
1910,national_7_stn_temp_data,Wellington,Anomaly,-0.19
1911,national_7_stn_temp_data,Wellington,Anomaly,-0.52
1912,national_7_stn_temp_data,Wellington,Anomaly,-1.14
1913,national_7_stn_temp_data,Wellington,Anomaly,-0.86
1914,national_7_stn_temp_data,Wellington,Anomaly,-0.83
1915,national_7_stn_temp_data,Wellington,Anomaly,-0.63
1916,national_7_stn_temp_data,Wellington,Anomaly,0.17
1917,national_7_stn_temp_data,Wellington,Anomaly,0.22
1918,national_7_stn_temp_data,Wellington,Anomaly,-0.68
1919,national_7_stn_temp_data,Wellington,Anomaly,-1.28
1920,national_7_stn_temp_data,Wellington,Anomaly,-1.28
1921,national_7_stn_temp_data,Wellington,Anomaly,-0.93
1922,national_7_stn_temp_data,Wellington,Anomaly,-0.53
1923,national_7_stn_temp_data,Wellington,Anomaly,-0.67
1924,national_7_stn_temp_data,Wellington,Anomaly,0.13
1925,national_7_stn_temp_data,Wellington,Anomaly,-0.85
1926,national_7_stn_temp_data,Wellington,Anomaly,-0.84
1927,national_7_stn_temp_data,Wellington,Anomaly,-0.81
1928,national_7_stn_temp_data,Wellington,Anomaly,-0.12
1929,national_7_stn_temp_data,Wellington,Anomaly,-0.89
1930,national_7_stn_temp_data,Wellington,Anomaly,-1.52
1931,national_7_stn_temp_data,Wellington,Anomaly,-1.3
1932,national_7_stn_temp_data,Wellington,Anomaly,-1.16
1933,national_7_stn_temp_data,Wellington,Anomaly,-0.54
1934,national_7_stn_temp_data,Wellington,Anomaly,-0.24
1935,national_7_stn_temp_data,Wellington,Anomaly,-0.09
1936,national_7_stn_temp_data,Wellington,Anomaly,-0.7
1937,national_7_stn_temp_data,Wellington,Anomaly,-0.89
1938,national_7_stn_temp_data,Wellington,Anomaly,0.16
1939,national_7_stn_temp_data,Wellington,Anomaly,-0.64
1940,national_7_stn_temp_data,Wellington,Anomaly,-0.84
1941,national_7_stn_temp_data,Wellington,Anomaly,-0.83
1942,national_7_stn_temp_data,Wellington,Anomaly,-0.46
1943,national_7_stn_temp_data,Wellington,Anomaly,-0.73
1944,national_7_stn_temp_data,Wellington,Anomaly,-0.79
1945,national_7_stn_temp_data,Wellington,Anomaly,-1
1946,national_7_stn_temp_data,Wellington,Anomaly,-0.69
1947,national_7_stn_temp_data,Wellington,Anomaly,-0.5
1948,national_7_stn_temp_data,Wellington,Anomaly,-0.19
1949,national_7_stn_temp_data,Wellington,Anomaly,-0.63
1950,national_7_stn_temp_data,Wellington,Anomaly,-0.64
1951,national_7_stn_temp_data,Wellington,Anomaly,-0.79
1952,national_7_stn_temp_data,Wellington,Anomaly,-0.44
1953,national_7_stn_temp_data,Wellington,Anomaly,-0.64
1954,national_7_stn_temp_data,Wellington,Anomaly,-0.2
1955,national_7_stn_temp_data,Wellington,Anomaly,-0.04
1956,national_7_stn_temp_data,Wellington,Anomaly,0.32
1957,national_7_stn_temp_data,Wellington,Anomaly,0.11
1958,national_7_stn_temp_data,Wellington,Anomaly,-0.1
1959,national_7_stn_temp_data,Wellington,Anomaly,-0.34
1960,national_7_stn_temp_data,Wellington,Anomaly,-0.39
1961,national_7_stn_temp_data,Wellington,Anomaly,-0.24
1962,national_7_stn_temp_data,Wellington,Anomaly,0.58
1963,national_7_stn_temp_data,Wellington,Anomaly,-0.56
1964,national_7_stn_temp_data,Wellington,Anomaly,-0.4
1965,national_7_stn_temp_data,Wellington,Anomaly,-0.66
1966,national_7_stn_temp_data,Wellington,Anomaly,-0.69
1967,national_7_stn_temp_data,Wellington,Anomaly,-0.47
1968,national_7_stn_temp_data,Wellington,Anomaly,-0.42
1969,national_7_stn_temp_data,Wellington,Anomaly,-0.43
1970,national_7_stn_temp_data,Wellington,Anomaly,0.31
1971,national_7_stn_temp_data,Wellington,Anomaly,0.59
1972,national_7_stn_temp_data,Wellington,Anomaly,-0.49
1973,national_7_stn_temp_data,Wellington,Anomaly,0.04
1974,national_7_stn_temp_data,Wellington,Anomaly,-0.1
1975,national_7_stn_temp_data,Wellington,Anomaly,0.05
1976,national_7_stn_temp_data,Wellington,Anomaly,-0.93
1977,national_7_stn_temp_data,Wellington,Anomaly,-1
1978,national_7_stn_temp_data,Wellington,Anomaly,0.11
1979,national_7_stn_temp_data,Wellington,Anomaly,-0.14
1980,national_7_stn_temp_data,Wellington,Anomaly,-0.4
1981,national_7_stn_temp_data,Wellington,Anomaly,0.23
1982,national_7_stn_temp_data,Wellington,Anomaly,-0.49
1983,national_7_stn_temp_data,Wellington,Anomaly,-0.57
1984,national_7_stn_temp_data,Wellington,Anomaly,0.22
1985,national_7_stn_temp_data,Wellington,Anomaly,0.29
1986,national_7_stn_temp_data,Wellington,Anomaly,0.16
1987,national_7_stn_temp_data,Wellington,Anomaly,0.22
1988,national_7_stn_temp_data,Wellington,Anomaly,0.3
1989,national_7_stn_temp_data,Wellington,Anomaly,0.23
1990,national_7_stn_temp_data,Wellington,Anomaly,0.47
1991,national_7_stn_temp_data,Wellington,Anomaly,-0.28
1992,national_7_stn_temp_data,Wellington,Anomaly,-1.16
1993,national_7_stn_temp_data,Wellington,Anomaly,-0.73
1994,national_7_stn_temp_data,Wellington,Anomaly,-0.05
1995,national_7_stn_temp_data,Wellington,Anomaly,-0.09
1996,national_7_stn_temp_data,Wellington,Anomaly,-0.04
1997,national_7_stn_temp_data,Wellington,Anomaly,-0.36
1998,national_7_stn_temp_data,Wellington,Anomaly,0.83
1999,national_7_stn_temp_data,Wellington,Anomaly,0.88
2000,national_7_stn_temp_data,Wellington,Anomaly,0.21
2001,national_7_stn_temp_data,Wellington,Anomaly,0.49
2002,national_7_stn_temp_data,Wellington,Anomaly,0.01
2003,national_7_stn_temp_data,Wellington,Anomaly,0.14
2004,national_7_stn_temp_data,Wellington,Anomaly,-0.53
2005,national_7_stn_temp_data,Wellington,Anomaly,0.52
2006,national_7_stn_temp_data,Wellington,Anomaly,-0.45
2007,national_7_stn_temp_data,Wellington,Anomaly,-0.4
2008,national_7_stn_temp_data,Wellington,Anomaly,0.33
2009,national_7_stn_temp_data,Wellington,Anomaly,-0.5
2010,national_7_stn_temp_data,Wellington,Anomaly,0.13
2011,national_7_stn_temp_data,Wellington,Anomaly,0.1
2012,national_7_stn_temp_data,Wellington,Anomaly,-0.29
2013,national_7_stn_temp_data,Wellington,Anomaly,0.74
1909,national_7_stn_temp_data,Hokitika,Temp,
1910,national_7_stn_temp_data,Hokitika,Temp,
1911,national_7_stn_temp_data,Hokitika,Temp,
1912,national_7_stn_temp_data,Hokitika,Temp,
1913,national_7_stn_temp_data,Hokitika,Temp,10.73
1914,national_7_stn_temp_data,Hokitika,Temp,10.54
1915,national_7_stn_temp_data,Hokitika,Temp,10.9
1916,national_7_stn_temp_data,Hokitika,Temp,12.29
1917,national_7_stn_temp_data,Hokitika,Temp,12.07
1918,national_7_stn_temp_data,Hokitika,Temp,11.04
1919,national_7_stn_temp_data,Hokitika,Temp,10.22
1920,national_7_stn_temp_data,Hokitika,Temp,10.47
1921,national_7_stn_temp_data,Hokitika,Temp,10.93
1922,national_7_stn_temp_data,Hokitika,Temp,11.15
1923,national_7_stn_temp_data,Hokitika,Temp,10.67
1924,national_7_stn_temp_data,Hokitika,Temp,11.97
1925,national_7_stn_temp_data,Hokitika,Temp,10.61
1926,national_7_stn_temp_data,Hokitika,Temp,10.82
1927,national_7_stn_temp_data,Hokitika,Temp,10.83
1928,national_7_stn_temp_data,Hokitika,Temp,12.2
1929,national_7_stn_temp_data,Hokitika,Temp,11.22
1930,national_7_stn_temp_data,Hokitika,Temp,10.66
1931,national_7_stn_temp_data,Hokitika,Temp,10.44
1932,national_7_stn_temp_data,Hokitika,Temp,11.11
1933,national_7_stn_temp_data,Hokitika,Temp,11.2
1934,national_7_stn_temp_data,Hokitika,Temp,11.7
1935,national_7_stn_temp_data,Hokitika,Temp,11.82
1936,national_7_stn_temp_data,Hokitika,Temp,11.23
1937,national_7_stn_temp_data,Hokitika,Temp,11
1938,national_7_stn_temp_data,Hokitika,Temp,12.19
1939,national_7_stn_temp_data,Hokitika,Temp,11.05
1940,national_7_stn_temp_data,Hokitika,Temp,10.86
1941,national_7_stn_temp_data,Hokitika,Temp,10.84
1942,national_7_stn_temp_data,Hokitika,Temp,10.97
1943,national_7_stn_temp_data,Hokitika,Temp,10.84
1944,national_7_stn_temp_data,Hokitika,Temp,11.35
1945,national_7_stn_temp_data,Hokitika,Temp,10.85
1946,national_7_stn_temp_data,Hokitika,Temp,10.87
1947,national_7_stn_temp_data,Hokitika,Temp,11.5
1948,national_7_stn_temp_data,Hokitika,Temp,11.29
1949,national_7_stn_temp_data,Hokitika,Temp,10.87
1950,national_7_stn_temp_data,Hokitika,Temp,11.16
1951,national_7_stn_temp_data,Hokitika,Temp,11.21
1952,national_7_stn_temp_data,Hokitika,Temp,11.23
1953,national_7_stn_temp_data,Hokitika,Temp,11.39
1954,national_7_stn_temp_data,Hokitika,Temp,11.65
1955,national_7_stn_temp_data,Hokitika,Temp,11.91
1956,national_7_stn_temp_data,Hokitika,Temp,12.48
1957,national_7_stn_temp_data,Hokitika,Temp,11.41
1958,national_7_stn_temp_data,Hokitika,Temp,11.57
1959,national_7_stn_temp_data,Hokitika,Temp,11.4
1960,national_7_stn_temp_data,Hokitika,Temp,11.81
1961,national_7_stn_temp_data,Hokitika,Temp,11.64
1962,national_7_stn_temp_data,Hokitika,Temp,12.16
1963,national_7_stn_temp_data,Hokitika,Temp,11.21
1964,national_7_stn_temp_data,Hokitika,Temp,11.11
1965,national_7_stn_temp_data,Hokitika,Temp,11.12
1966,national_7_stn_temp_data,Hokitika,Temp,11.75
1967,national_7_stn_temp_data,Hokitika,Temp,11.53
1968,national_7_stn_temp_data,Hokitika,Temp,11.1
1969,national_7_stn_temp_data,Hokitika,Temp,11.14
1970,national_7_stn_temp_data,Hokitika,Temp,12.06
1971,national_7_stn_temp_data,Hokitika,Temp,12.67
1972,national_7_stn_temp_data,Hokitika,Temp,11.4
1973,national_7_stn_temp_data,Hokitika,Temp,11.35
1974,national_7_stn_temp_data,Hokitika,Temp,12.37
1975,national_7_stn_temp_data,Hokitika,Temp,11.82
1976,national_7_stn_temp_data,Hokitika,Temp,11.21
1977,national_7_stn_temp_data,Hokitika,Temp,11.07
1978,national_7_stn_temp_data,Hokitika,Temp,12.17
1979,national_7_stn_temp_data,Hokitika,Temp,11.67
1980,national_7_stn_temp_data,Hokitika,Temp,11.51
1981,national_7_stn_temp_data,Hokitika,Temp,12
1982,national_7_stn_temp_data,Hokitika,Temp,11.11
1983,national_7_stn_temp_data,Hokitika,Temp,10.95
1984,national_7_stn_temp_data,Hokitika,Temp,12.02
1985,national_7_stn_temp_data,Hokitika,Temp,12.22
1986,national_7_stn_temp_data,Hokitika,Temp,11.96
1987,national_7_stn_temp_data,Hokitika,Temp,11.98
1988,national_7_stn_temp_data,Hokitika,Temp,11.67
1989,national_7_stn_temp_data,Hokitika,Temp,12.52
1990,national_7_stn_temp_data,Hokitika,Temp,11.9
1991,national_7_stn_temp_data,Hokitika,Temp,11.17
1992,national_7_stn_temp_data,Hokitika,Temp,10.71
1993,national_7_stn_temp_data,Hokitika,Temp,11.16
1994,national_7_stn_temp_data,Hokitika,Temp,11.22
1995,national_7_stn_temp_data,Hokitika,Temp,11.55
1996,national_7_stn_temp_data,Hokitika,Temp,11.73
1997,national_7_stn_temp_data,Hokitika,Temp,11.29
1998,national_7_stn_temp_data,Hokitika,Temp,12.1
1999,national_7_stn_temp_data,Hokitika,Temp,12.86
2000,national_7_stn_temp_data,Hokitika,Temp,12.13
2001,national_7_stn_temp_data,Hokitika,Temp,12.05
2002,national_7_stn_temp_data,Hokitika,Temp,11.87
2003,national_7_stn_temp_data,Hokitika,Temp,11.63
2004,national_7_stn_temp_data,Hokitika,Temp,11.1
2005,national_7_stn_temp_data,Hokitika,Temp,12.23
2006,national_7_stn_temp_data,Hokitika,Temp,11.29
2007,national_7_stn_temp_data,Hokitika,Temp,11.82
2008,national_7_stn_temp_data,Hokitika,Temp,11.93
2009,national_7_stn_temp_data,Hokitika,Temp,11.42
2010,national_7_stn_temp_data,Hokitika,Temp,12.09
2011,national_7_stn_temp_data,Hokitika,Temp,12.01
2012,national_7_stn_temp_data,Hokitika,Temp,11.76
2013,national_7_stn_temp_data,Hokitika,Temp,12.44
1909,national_7_stn_temp_data,Hokitika,Anomaly,
1910,national_7_stn_temp_data,Hokitika,Anomaly,
1911,national_7_stn_temp_data,Hokitika,Anomaly,
1912,national_7_stn_temp_data,Hokitika,Anomaly,
1913,national_7_stn_temp_data,Hokitika,Anomaly,-0.99
1914,national_7_stn_temp_data,Hokitika,Anomaly,-1.18
1915,national_7_stn_temp_data,Hokitika,Anomaly,-0.82
1916,national_7_stn_temp_data,Hokitika,Anomaly,0.57
1917,national_7_stn_temp_data,Hokitika,Anomaly,0.34
1918,national_7_stn_temp_data,Hokitika,Anomaly,-0.68
1919,national_7_stn_temp_data,Hokitika,Anomaly,-1.5
1920,national_7_stn_temp_data,Hokitika,Anomaly,-1.26
1921,national_7_stn_temp_data,Hokitika,Anomaly,-0.79
1922,national_7_stn_temp_data,Hokitika,Anomaly,-0.57
1923,national_7_stn_temp_data,Hokitika,Anomaly,-1.05
1924,national_7_stn_temp_data,Hokitika,Anomaly,0.25
1925,national_7_stn_temp_data,Hokitika,Anomaly,-1.11
1926,national_7_stn_temp_data,Hokitika,Anomaly,-0.91
1927,national_7_stn_temp_data,Hokitika,Anomaly,-0.89
1928,national_7_stn_temp_data,Hokitika,Anomaly,0.48
1929,national_7_stn_temp_data,Hokitika,Anomaly,-0.5
1930,national_7_stn_temp_data,Hokitika,Anomaly,-1.06
1931,national_7_stn_temp_data,Hokitika,Anomaly,-1.28
1932,national_7_stn_temp_data,Hokitika,Anomaly,-0.61
1933,national_7_stn_temp_data,Hokitika,Anomaly,-0.52
1934,national_7_stn_temp_data,Hokitika,Anomaly,-0.02
1935,national_7_stn_temp_data,Hokitika,Anomaly,0.1
1936,national_7_stn_temp_data,Hokitika,Anomaly,-0.49
1937,national_7_stn_temp_data,Hokitika,Anomaly,-0.72
1938,national_7_stn_temp_data,Hokitika,Anomaly,0.47
1939,national_7_stn_temp_data,Hokitika,Anomaly,-0.67
1940,national_7_stn_temp_data,Hokitika,Anomaly,-0.86
1941,national_7_stn_temp_data,Hokitika,Anomaly,-0.88
1942,national_7_stn_temp_data,Hokitika,Anomaly,-0.75
1943,national_7_stn_temp_data,Hokitika,Anomaly,-0.89
1944,national_7_stn_temp_data,Hokitika,Anomaly,-0.37
1945,national_7_stn_temp_data,Hokitika,Anomaly,-0.87
1946,national_7_stn_temp_data,Hokitika,Anomaly,-0.85
1947,national_7_stn_temp_data,Hokitika,Anomaly,-0.22
1948,national_7_stn_temp_data,Hokitika,Anomaly,-0.43
1949,national_7_stn_temp_data,Hokitika,Anomaly,-0.85
1950,national_7_stn_temp_data,Hokitika,Anomaly,-0.56
1951,national_7_stn_temp_data,Hokitika,Anomaly,-0.51
1952,national_7_stn_temp_data,Hokitika,Anomaly,-0.49
1953,national_7_stn_temp_data,Hokitika,Anomaly,-0.33
1954,national_7_stn_temp_data,Hokitika,Anomaly,-0.07
1955,national_7_stn_temp_data,Hokitika,Anomaly,0.18
1956,national_7_stn_temp_data,Hokitika,Anomaly,0.76
1957,national_7_stn_temp_data,Hokitika,Anomaly,-0.32
1958,national_7_stn_temp_data,Hokitika,Anomaly,-0.15
1959,national_7_stn_temp_data,Hokitika,Anomaly,-0.32
1960,national_7_stn_temp_data,Hokitika,Anomaly,0.09
1961,national_7_stn_temp_data,Hokitika,Anomaly,-0.08
1962,national_7_stn_temp_data,Hokitika,Anomaly,0.43
1963,national_7_stn_temp_data,Hokitika,Anomaly,-0.52
1964,national_7_stn_temp_data,Hokitika,Anomaly,-0.61
1965,national_7_stn_temp_data,Hokitika,Anomaly,-0.6
1966,national_7_stn_temp_data,Hokitika,Anomaly,0.03
1967,national_7_stn_temp_data,Hokitika,Anomaly,-0.19
1968,national_7_stn_temp_data,Hokitika,Anomaly,-0.62
1969,national_7_stn_temp_data,Hokitika,Anomaly,-0.58
1970,national_7_stn_temp_data,Hokitika,Anomaly,0.34
1971,national_7_stn_temp_data,Hokitika,Anomaly,0.94
1972,national_7_stn_temp_data,Hokitika,Anomaly,-0.32
1973,national_7_stn_temp_data,Hokitika,Anomaly,-0.37
1974,national_7_stn_temp_data,Hokitika,Anomaly,0.64
1975,national_7_stn_temp_data,Hokitika,Anomaly,0.09
1976,national_7_stn_temp_data,Hokitika,Anomaly,-0.51
1977,national_7_stn_temp_data,Hokitika,Anomaly,-0.66
1978,national_7_stn_temp_data,Hokitika,Anomaly,0.44
1979,national_7_stn_temp_data,Hokitika,Anomaly,-0.06
1980,national_7_stn_temp_data,Hokitika,Anomaly,-0.21
1981,national_7_stn_temp_data,Hokitika,Anomaly,0.28
1982,national_7_stn_temp_data,Hokitika,Anomaly,-0.61
1983,national_7_stn_temp_data,Hokitika,Anomaly,-0.77
1984,national_7_stn_temp_data,Hokitika,Anomaly,0.29
1985,national_7_stn_temp_data,Hokitika,Anomaly,0.5
1986,national_7_stn_temp_data,Hokitika,Anomaly,0.24
1987,national_7_stn_temp_data,Hokitika,Anomaly,0.26
1988,national_7_stn_temp_data,Hokitika,Anomaly,-0.06
1989,national_7_stn_temp_data,Hokitika,Anomaly,0.79
1990,national_7_stn_temp_data,Hokitika,Anomaly,0.18
1991,national_7_stn_temp_data,Hokitika,Anomaly,-0.56
1992,national_7_stn_temp_data,Hokitika,Anomaly,-1.01
1993,national_7_stn_temp_data,Hokitika,Anomaly,-0.56
1994,national_7_stn_temp_data,Hokitika,Anomaly,-0.51
1995,national_7_stn_temp_data,Hokitika,Anomaly,-0.17
1996,national_7_stn_temp_data,Hokitika,Anomaly,0.01
1997,national_7_stn_temp_data,Hokitika,Anomaly,-0.43
1998,national_7_stn_temp_data,Hokitika,Anomaly,0.38
1999,national_7_stn_temp_data,Hokitika,Anomaly,1.14
2000,national_7_stn_temp_data,Hokitika,Anomaly,0.41
2001,national_7_stn_temp_data,Hokitika,Anomaly,0.33
2002,national_7_stn_temp_data,Hokitika,Anomaly,0.14
2003,national_7_stn_temp_data,Hokitika,Anomaly,-0.09
2004,national_7_stn_temp_data,Hokitika,Anomaly,-0.62
2005,national_7_stn_temp_data,Hokitika,Anomaly,0.51
2006,national_7_stn_temp_data,Hokitika,Anomaly,-0.43
2007,national_7_stn_temp_data,Hokitika,Anomaly,0.1
2008,national_7_stn_temp_data,Hokitika,Anomaly,0.21
2009,national_7_stn_temp_data,Hokitika,Anomaly,-0.31
2010,national_7_stn_temp_data,Hokitika,Anomaly,0.37
2011,national_7_stn_temp_data,Hokitika,Anomaly,0.29
2012,national_7_stn_temp_data,Hokitika,Anomaly,0.04
2013,national_7_stn_temp_data,Hokitika,Anomaly,0.72
1909,national_7_stn_temp_data,Nelson,Temp,12.52
1910,national_7_stn_temp_data,Nelson,Temp,12.55
1911,national_7_stn_temp_data,Nelson,Temp,12.37
1912,national_7_stn_temp_data,Nelson,Temp,11.69
1913,national_7_stn_temp_data,Nelson,Temp,12.12
1914,national_7_stn_temp_data,Nelson,Temp,11.98
1915,national_7_stn_temp_data,Nelson,Temp,11.97
1916,national_7_stn_temp_data,Nelson,Temp,13.37
1917,national_7_stn_temp_data,Nelson,Temp,13.18
1918,national_7_stn_temp_data,Nelson,Temp,11.99
1919,national_7_stn_temp_data,Nelson,Temp,11.64
1920,national_7_stn_temp_data,Nelson,Temp,11.6
1921,national_7_stn_temp_data,Nelson,Temp,12.2
1922,national_7_stn_temp_data,Nelson,Temp,12.47
1923,national_7_stn_temp_data,Nelson,Temp,12.25
1924,national_7_stn_temp_data,Nelson,Temp,12.97
1925,national_7_stn_temp_data,Nelson,Temp,11.95
1926,national_7_stn_temp_data,Nelson,Temp,11.91
1927,national_7_stn_temp_data,Nelson,Temp,11.66
1928,national_7_stn_temp_data,Nelson,Temp,13.29
1929,national_7_stn_temp_data,Nelson,Temp,12.56
1930,national_7_stn_temp_data,Nelson,Temp,11.73
1931,national_7_stn_temp_data,Nelson,Temp,11.83
1932,national_7_stn_temp_data,Nelson,Temp,12.01
1933,national_7_stn_temp_data,Nelson,Temp,12.41
1934,national_7_stn_temp_data,Nelson,Temp,12.8
1935,national_7_stn_temp_data,Nelson,Temp,12.9
1936,national_7_stn_temp_data,Nelson,Temp,12.24
1937,national_7_stn_temp_data,Nelson,Temp,12.11
1938,national_7_stn_temp_data,Nelson,Temp,13.38
1939,national_7_stn_temp_data,Nelson,Temp,12.3
1940,national_7_stn_temp_data,Nelson,Temp,12.21
1941,national_7_stn_temp_data,Nelson,Temp,11.94
1942,national_7_stn_temp_data,Nelson,Temp,12.34
1943,national_7_stn_temp_data,Nelson,Temp,12.21
1944,national_7_stn_temp_data,Nelson,Temp,12.21
1945,national_7_stn_temp_data,Nelson,Temp,11.97
1946,national_7_stn_temp_data,Nelson,Temp,12.25
1947,national_7_stn_temp_data,Nelson,Temp,12.46
1948,national_7_stn_temp_data,Nelson,Temp,12.51
1949,national_7_stn_temp_data,Nelson,Temp,12.26
1950,national_7_stn_temp_data,Nelson,Temp,12.56
1951,national_7_stn_temp_data,Nelson,Temp,12
1952,national_7_stn_temp_data,Nelson,Temp,12.46
1953,national_7_stn_temp_data,Nelson,Temp,12.42
1954,national_7_stn_temp_data,Nelson,Temp,12.92
1955,national_7_stn_temp_data,Nelson,Temp,12.97
1956,national_7_stn_temp_data,Nelson,Temp,13.03
1957,national_7_stn_temp_data,Nelson,Temp,12.85
1958,national_7_stn_temp_data,Nelson,Temp,12.63
1959,national_7_stn_temp_data,Nelson,Temp,12.47
1960,national_7_stn_temp_data,Nelson,Temp,12.66
1961,national_7_stn_temp_data,Nelson,Temp,12.65
1962,national_7_stn_temp_data,Nelson,Temp,13.16
1963,national_7_stn_temp_data,Nelson,Temp,12.44
1964,national_7_stn_temp_data,Nelson,Temp,12.11
1965,national_7_stn_temp_data,Nelson,Temp,12.09
1966,national_7_stn_temp_data,Nelson,Temp,12.29
1967,national_7_stn_temp_data,Nelson,Temp,12.56
1968,national_7_stn_temp_data,Nelson,Temp,12.56
1969,national_7_stn_temp_data,Nelson,Temp,12.29
1970,national_7_stn_temp_data,Nelson,Temp,13.1
1971,national_7_stn_temp_data,Nelson,Temp,13.19
1972,national_7_stn_temp_data,Nelson,Temp,12.52
1973,national_7_stn_temp_data,Nelson,Temp,12.96
1974,national_7_stn_temp_data,Nelson,Temp,13
1975,national_7_stn_temp_data,Nelson,Temp,12.76
1976,national_7_stn_temp_data,Nelson,Temp,11.92
1977,national_7_stn_temp_data,Nelson,Temp,11.97
1978,national_7_stn_temp_data,Nelson,Temp,12.92
1979,national_7_stn_temp_data,Nelson,Temp,12.74
1980,national_7_stn_temp_data,Nelson,Temp,12.32
1981,national_7_stn_temp_data,Nelson,Temp,13.04
1982,national_7_stn_temp_data,Nelson,Temp,12.33
1983,national_7_stn_temp_data,Nelson,Temp,12.3
1984,national_7_stn_temp_data,Nelson,Temp,12.76
1985,national_7_stn_temp_data,Nelson,Temp,12.91
1986,national_7_stn_temp_data,Nelson,Temp,12.68
1987,national_7_stn_temp_data,Nelson,Temp,12.84
1988,national_7_stn_temp_data,Nelson,Temp,13
1989,national_7_stn_temp_data,Nelson,Temp,13.22
1990,national_7_stn_temp_data,Nelson,Temp,13.36
1991,national_7_stn_temp_data,Nelson,Temp,12.6
1992,national_7_stn_temp_data,Nelson,Temp,11.78
1993,national_7_stn_temp_data,Nelson,Temp,12.07
1994,national_7_stn_temp_data,Nelson,Temp,12.47
1995,national_7_stn_temp_data,Nelson,Temp,12.83
1996,national_7_stn_temp_data,Nelson,Temp,12.5
1997,national_7_stn_temp_data,Nelson,Temp,12.59
1998,national_7_stn_temp_data,Nelson,Temp,13.74
1999,national_7_stn_temp_data,Nelson,Temp,13.66
2000,national_7_stn_temp_data,Nelson,Temp,13.22
2001,national_7_stn_temp_data,Nelson,Temp,13.26
2002,national_7_stn_temp_data,Nelson,Temp,13.12
2003,national_7_stn_temp_data,Nelson,Temp,12.97
2004,national_7_stn_temp_data,Nelson,Temp,12.52
2005,national_7_stn_temp_data,Nelson,Temp,13.48
2006,national_7_stn_temp_data,Nelson,Temp,12.87
2007,national_7_stn_temp_data,Nelson,Temp,13.2
2008,national_7_stn_temp_data,Nelson,Temp,13.07
2009,national_7_stn_temp_data,Nelson,Temp,12.52
2010,national_7_stn_temp_data,Nelson,Temp,13.47
2011,national_7_stn_temp_data,Nelson,Temp,13.35
2012,national_7_stn_temp_data,Nelson,Temp,12.95
2013,national_7_stn_temp_data,Nelson,Temp,13.7
1909,national_7_stn_temp_data,Nelson,Anomaly,-0.36
1910,national_7_stn_temp_data,Nelson,Anomaly,-0.33
1911,national_7_stn_temp_data,Nelson,Anomaly,-0.51
1912,national_7_stn_temp_data,Nelson,Anomaly,-1.19
1913,national_7_stn_temp_data,Nelson,Anomaly,-0.76
1914,national_7_stn_temp_data,Nelson,Anomaly,-0.89
1915,national_7_stn_temp_data,Nelson,Anomaly,-0.91
1916,national_7_stn_temp_data,Nelson,Anomaly,0.49
1917,national_7_stn_temp_data,Nelson,Anomaly,0.31
1918,national_7_stn_temp_data,Nelson,Anomaly,-0.89
1919,national_7_stn_temp_data,Nelson,Anomaly,-1.24
1920,national_7_stn_temp_data,Nelson,Anomaly,-1.28
1921,national_7_stn_temp_data,Nelson,Anomaly,-0.68
1922,national_7_stn_temp_data,Nelson,Anomaly,-0.41
1923,national_7_stn_temp_data,Nelson,Anomaly,-0.63
1924,national_7_stn_temp_data,Nelson,Anomaly,0.09
1925,national_7_stn_temp_data,Nelson,Anomaly,-0.93
1926,national_7_stn_temp_data,Nelson,Anomaly,-0.96
1927,national_7_stn_temp_data,Nelson,Anomaly,-1.21
1928,national_7_stn_temp_data,Nelson,Anomaly,0.41
1929,national_7_stn_temp_data,Nelson,Anomaly,-0.32
1930,national_7_stn_temp_data,Nelson,Anomaly,-1.15
1931,national_7_stn_temp_data,Nelson,Anomaly,-1.05
1932,national_7_stn_temp_data,Nelson,Anomaly,-0.86
1933,national_7_stn_temp_data,Nelson,Anomaly,-0.47
1934,national_7_stn_temp_data,Nelson,Anomaly,-0.08
1935,national_7_stn_temp_data,Nelson,Anomaly,0.02
1936,national_7_stn_temp_data,Nelson,Anomaly,-0.64
1937,national_7_stn_temp_data,Nelson,Anomaly,-0.77
1938,national_7_stn_temp_data,Nelson,Anomaly,0.5
1939,national_7_stn_temp_data,Nelson,Anomaly,-0.58
1940,national_7_stn_temp_data,Nelson,Anomaly,-0.67
1941,national_7_stn_temp_data,Nelson,Anomaly,-0.94
1942,national_7_stn_temp_data,Nelson,Anomaly,-0.54
1943,national_7_stn_temp_data,Nelson,Anomaly,-0.67
1944,national_7_stn_temp_data,Nelson,Anomaly,-0.66
1945,national_7_stn_temp_data,Nelson,Anomaly,-0.91
1946,national_7_stn_temp_data,Nelson,Anomaly,-0.63
1947,national_7_stn_temp_data,Nelson,Anomaly,-0.42
1948,national_7_stn_temp_data,Nelson,Anomaly,-0.36
1949,national_7_stn_temp_data,Nelson,Anomaly,-0.61
1950,national_7_stn_temp_data,Nelson,Anomaly,-0.32
1951,national_7_stn_temp_data,Nelson,Anomaly,-0.88
1952,national_7_stn_temp_data,Nelson,Anomaly,-0.41
1953,national_7_stn_temp_data,Nelson,Anomaly,-0.46
1954,national_7_stn_temp_data,Nelson,Anomaly,0.04
1955,national_7_stn_temp_data,Nelson,Anomaly,0.09
1956,national_7_stn_temp_data,Nelson,Anomaly,0.15
1957,national_7_stn_temp_data,Nelson,Anomaly,-0.03
1958,national_7_stn_temp_data,Nelson,Anomaly,-0.25
1959,national_7_stn_temp_data,Nelson,Anomaly,-0.41
1960,national_7_stn_temp_data,Nelson,Anomaly,-0.21
1961,national_7_stn_temp_data,Nelson,Anomaly,-0.23
1962,national_7_stn_temp_data,Nelson,Anomaly,0.29
1963,national_7_stn_temp_data,Nelson,Anomaly,-0.44
1964,national_7_stn_temp_data,Nelson,Anomaly,-0.77
1965,national_7_stn_temp_data,Nelson,Anomaly,-0.79
1966,national_7_stn_temp_data,Nelson,Anomaly,-0.59
1967,national_7_stn_temp_data,Nelson,Anomaly,-0.32
1968,national_7_stn_temp_data,Nelson,Anomaly,-0.32
1969,national_7_stn_temp_data,Nelson,Anomaly,-0.59
1970,national_7_stn_temp_data,Nelson,Anomaly,0.22
1971,national_7_stn_temp_data,Nelson,Anomaly,0.31
1972,national_7_stn_temp_data,Nelson,Anomaly,-0.36
1973,national_7_stn_temp_data,Nelson,Anomaly,0.08
1974,national_7_stn_temp_data,Nelson,Anomaly,0.12
1975,national_7_stn_temp_data,Nelson,Anomaly,-0.12
1976,national_7_stn_temp_data,Nelson,Anomaly,-0.96
1977,national_7_stn_temp_data,Nelson,Anomaly,-0.91
1978,national_7_stn_temp_data,Nelson,Anomaly,0.04
1979,national_7_stn_temp_data,Nelson,Anomaly,-0.14
1980,national_7_stn_temp_data,Nelson,Anomaly,-0.56
1981,national_7_stn_temp_data,Nelson,Anomaly,0.16
1982,national_7_stn_temp_data,Nelson,Anomaly,-0.55
1983,national_7_stn_temp_data,Nelson,Anomaly,-0.58
1984,national_7_stn_temp_data,Nelson,Anomaly,-0.12
1985,national_7_stn_temp_data,Nelson,Anomaly,0.03
1986,national_7_stn_temp_data,Nelson,Anomaly,-0.2
1987,national_7_stn_temp_data,Nelson,Anomaly,-0.04
1988,national_7_stn_temp_data,Nelson,Anomaly,0.12
1989,national_7_stn_temp_data,Nelson,Anomaly,0.34
1990,national_7_stn_temp_data,Nelson,Anomaly,0.49
1991,national_7_stn_temp_data,Nelson,Anomaly,-0.28
1992,national_7_stn_temp_data,Nelson,Anomaly,-1.1
1993,national_7_stn_temp_data,Nelson,Anomaly,-0.81
1994,national_7_stn_temp_data,Nelson,Anomaly,-0.41
1995,national_7_stn_temp_data,Nelson,Anomaly,-0.05
1996,national_7_stn_temp_data,Nelson,Anomaly,-0.38
1997,national_7_stn_temp_data,Nelson,Anomaly,-0.29
1998,national_7_stn_temp_data,Nelson,Anomaly,0.86
1999,national_7_stn_temp_data,Nelson,Anomaly,0.78
2000,national_7_stn_temp_data,Nelson,Anomaly,0.34
2001,national_7_stn_temp_data,Nelson,Anomaly,0.38
2002,national_7_stn_temp_data,Nelson,Anomaly,0.24
2003,national_7_stn_temp_data,Nelson,Anomaly,0.09
2004,national_7_stn_temp_data,Nelson,Anomaly,-0.36
2005,national_7_stn_temp_data,Nelson,Anomaly,0.6
2006,national_7_stn_temp_data,Nelson,Anomaly,-0.01
2007,national_7_stn_temp_data,Nelson,Anomaly,0.32
2008,national_7_stn_temp_data,Nelson,Anomaly,0.19
2009,national_7_stn_temp_data,Nelson,Anomaly,-0.36
2010,national_7_stn_temp_data,Nelson,Anomaly,0.59
2011,national_7_stn_temp_data,Nelson,Anomaly,0.47
2012,national_7_stn_temp_data,Nelson,Anomaly,0.07
2013,national_7_stn_temp_data,Nelson,Anomaly,0.82
1909,national_7_stn_temp_data,Lincoln,Temp,11.44
1910,national_7_stn_temp_data,Lincoln,Temp,11.77
1911,national_7_stn_temp_data,Lincoln,Temp,11.01
1912,national_7_stn_temp_data,Lincoln,Temp,10.42
1913,national_7_stn_temp_data,Lincoln,Temp,10.7
1914,national_7_stn_temp_data,Lincoln,Temp,11.05
1915,national_7_stn_temp_data,Lincoln,Temp,11.12
1916,national_7_stn_temp_data,Lincoln,Temp,12.19
1917,national_7_stn_temp_data,Lincoln,Temp,11.77
1918,national_7_stn_temp_data,Lincoln,Temp,10.88
1919,national_7_stn_temp_data,Lincoln,Temp,10.88
1920,national_7_stn_temp_data,Lincoln,Temp,10.82
1921,national_7_stn_temp_data,Lincoln,Temp,11.17
1922,national_7_stn_temp_data,Lincoln,Temp,10.98
1923,national_7_stn_temp_data,Lincoln,Temp,11.03
1924,national_7_stn_temp_data,Lincoln,Temp,11.93
1925,national_7_stn_temp_data,Lincoln,Temp,10.53
1926,national_7_stn_temp_data,Lincoln,Temp,11.12
1927,national_7_stn_temp_data,Lincoln,Temp,10.65
1928,national_7_stn_temp_data,Lincoln,Temp,11.64
1929,national_7_stn_temp_data,Lincoln,Temp,10.81
1930,national_7_stn_temp_data,Lincoln,Temp,10.09
1931,national_7_stn_temp_data,Lincoln,Temp,10.63
1932,national_7_stn_temp_data,Lincoln,Temp,10.63
1933,national_7_stn_temp_data,Lincoln,Temp,11.1
1934,national_7_stn_temp_data,Lincoln,Temp,11.25
1935,national_7_stn_temp_data,Lincoln,Temp,11.36
1936,national_7_stn_temp_data,Lincoln,Temp,10.97
1937,national_7_stn_temp_data,Lincoln,Temp,10.54
1938,national_7_stn_temp_data,Lincoln,Temp,11.5
1939,national_7_stn_temp_data,Lincoln,Temp,11.01
1940,national_7_stn_temp_data,Lincoln,Temp,10.91
1941,national_7_stn_temp_data,Lincoln,Temp,10.91
1942,national_7_stn_temp_data,Lincoln,Temp,11.1
1943,national_7_stn_temp_data,Lincoln,Temp,10.64
1944,national_7_stn_temp_data,Lincoln,Temp,10.75
1945,national_7_stn_temp_data,Lincoln,Temp,10.49
1946,national_7_stn_temp_data,Lincoln,Temp,10.69
1947,national_7_stn_temp_data,Lincoln,Temp,10.93
1948,national_7_stn_temp_data,Lincoln,Temp,11.35
1949,national_7_stn_temp_data,Lincoln,Temp,11.36
1950,national_7_stn_temp_data,Lincoln,Temp,11.07
1951,national_7_stn_temp_data,Lincoln,Temp,10.65
1952,national_7_stn_temp_data,Lincoln,Temp,11.19
1953,national_7_stn_temp_data,Lincoln,Temp,10.97
1954,national_7_stn_temp_data,Lincoln,Temp,11.93
1955,national_7_stn_temp_data,Lincoln,Temp,12.22
1956,national_7_stn_temp_data,Lincoln,Temp,11.78
1957,national_7_stn_temp_data,Lincoln,Temp,11.56
1958,national_7_stn_temp_data,Lincoln,Temp,11.37
1959,national_7_stn_temp_data,Lincoln,Temp,11.13
1960,national_7_stn_temp_data,Lincoln,Temp,11.28
1961,national_7_stn_temp_data,Lincoln,Temp,11.37
1962,national_7_stn_temp_data,Lincoln,Temp,11.82
1963,national_7_stn_temp_data,Lincoln,Temp,10.78
1964,national_7_stn_temp_data,Lincoln,Temp,10.99
1965,national_7_stn_temp_data,Lincoln,Temp,11.05
1966,national_7_stn_temp_data,Lincoln,Temp,11.21
1967,national_7_stn_temp_data,Lincoln,Temp,11.36
1968,national_7_stn_temp_data,Lincoln,Temp,11.41
1969,national_7_stn_temp_data,Lincoln,Temp,11.56
1970,national_7_stn_temp_data,Lincoln,Temp,11.8
1971,national_7_stn_temp_data,Lincoln,Temp,12.05
1972,national_7_stn_temp_data,Lincoln,Temp,11.33
1973,national_7_stn_temp_data,Lincoln,Temp,11.83
1974,national_7_stn_temp_data,Lincoln,Temp,11.28
1975,national_7_stn_temp_data,Lincoln,Temp,11.49
1976,national_7_stn_temp_data,Lincoln,Temp,10.38
1977,national_7_stn_temp_data,Lincoln,Temp,10.85
1978,national_7_stn_temp_data,Lincoln,Temp,12.09
1979,national_7_stn_temp_data,Lincoln,Temp,11.58
1980,national_7_stn_temp_data,Lincoln,Temp,11.46
1981,national_7_stn_temp_data,Lincoln,Temp,11.94
1982,national_7_stn_temp_data,Lincoln,Temp,11.38
1983,national_7_stn_temp_data,Lincoln,Temp,11.17
1984,national_7_stn_temp_data,Lincoln,Temp,11.63
1985,national_7_stn_temp_data,Lincoln,Temp,11.91
1986,national_7_stn_temp_data,Lincoln,Temp,11.56
1987,national_7_stn_temp_data,Lincoln,Temp,11.99
1988,national_7_stn_temp_data,Lincoln,Temp,12.33
1989,national_7_stn_temp_data,Lincoln,Temp,12.08
1990,national_7_stn_temp_data,Lincoln,Temp,11.97
1991,national_7_stn_temp_data,Lincoln,Temp,11.11
1992,national_7_stn_temp_data,Lincoln,Temp,10.54
1993,national_7_stn_temp_data,Lincoln,Temp,10.83
1994,national_7_stn_temp_data,Lincoln,Temp,11.35
1995,national_7_stn_temp_data,Lincoln,Temp,11.79
1996,national_7_stn_temp_data,Lincoln,Temp,11.55
1997,national_7_stn_temp_data,Lincoln,Temp,11.64
1998,national_7_stn_temp_data,Lincoln,Temp,12.52
1999,national_7_stn_temp_data,Lincoln,Temp,12.02
2000,national_7_stn_temp_data,Lincoln,Temp,11.88
2001,national_7_stn_temp_data,Lincoln,Temp,11.84
2002,national_7_stn_temp_data,Lincoln,Temp,11.57
2003,national_7_stn_temp_data,Lincoln,Temp,11.69
2004,national_7_stn_temp_data,Lincoln,Temp,11.44
2005,national_7_stn_temp_data,Lincoln,Temp,12.18
2006,national_7_stn_temp_data,Lincoln,Temp,11.47
2007,national_7_stn_temp_data,Lincoln,Temp,11.73
2008,national_7_stn_temp_data,Lincoln,Temp,11.82
2009,national_7_stn_temp_data,Lincoln,Temp,11.43
2010,national_7_stn_temp_data,Lincoln,Temp,12.18
2011,national_7_stn_temp_data,Lincoln,Temp,11.63
2012,national_7_stn_temp_data,Lincoln,Temp,11.38
2013,national_7_stn_temp_data,Lincoln,Temp,12.42
1909,national_7_stn_temp_data,Lincoln,Anomaly,-0.25
1910,national_7_stn_temp_data,Lincoln,Anomaly,0.09
1911,national_7_stn_temp_data,Lincoln,Anomaly,-0.67
1912,national_7_stn_temp_data,Lincoln,Anomaly,-1.26
1913,national_7_stn_temp_data,Lincoln,Anomaly,-0.99
1914,national_7_stn_temp_data,Lincoln,Anomaly,-0.64
1915,national_7_stn_temp_data,Lincoln,Anomaly,-0.56
1916,national_7_stn_temp_data,Lincoln,Anomaly,0.51
1917,national_7_stn_temp_data,Lincoln,Anomaly,0.08
1918,national_7_stn_temp_data,Lincoln,Anomaly,-0.8
1919,national_7_stn_temp_data,Lincoln,Anomaly,-0.81
1920,national_7_stn_temp_data,Lincoln,Anomaly,-0.86
1921,national_7_stn_temp_data,Lincoln,Anomaly,-0.52
1922,national_7_stn_temp_data,Lincoln,Anomaly,-0.7
1923,national_7_stn_temp_data,Lincoln,Anomaly,-0.66
1924,national_7_stn_temp_data,Lincoln,Anomaly,0.24
1925,national_7_stn_temp_data,Lincoln,Anomaly,-1.16
1926,national_7_stn_temp_data,Lincoln,Anomaly,-0.56
1927,national_7_stn_temp_data,Lincoln,Anomaly,-1.04
1928,national_7_stn_temp_data,Lincoln,Anomaly,-0.05
1929,national_7_stn_temp_data,Lincoln,Anomaly,-0.87
1930,national_7_stn_temp_data,Lincoln,Anomaly,-1.6
1931,national_7_stn_temp_data,Lincoln,Anomaly,-1.05
1932,national_7_stn_temp_data,Lincoln,Anomaly,-1.05
1933,national_7_stn_temp_data,Lincoln,Anomaly,-0.59
1934,national_7_stn_temp_data,Lincoln,Anomaly,-0.44
1935,national_7_stn_temp_data,Lincoln,Anomaly,-0.32
1936,national_7_stn_temp_data,Lincoln,Anomaly,-0.71
1937,national_7_stn_temp_data,Lincoln,Anomaly,-1.15
1938,national_7_stn_temp_data,Lincoln,Anomaly,-0.19
1939,national_7_stn_temp_data,Lincoln,Anomaly,-0.68
1940,national_7_stn_temp_data,Lincoln,Anomaly,-0.77
1941,national_7_stn_temp_data,Lincoln,Anomaly,-0.77
1942,national_7_stn_temp_data,Lincoln,Anomaly,-0.59
1943,national_7_stn_temp_data,Lincoln,Anomaly,-1.05
1944,national_7_stn_temp_data,Lincoln,Anomaly,-0.93
1945,national_7_stn_temp_data,Lincoln,Anomaly,-1.2
1946,national_7_stn_temp_data,Lincoln,Anomaly,-1
1947,national_7_stn_temp_data,Lincoln,Anomaly,-0.76
1948,national_7_stn_temp_data,Lincoln,Anomaly,-0.33
1949,national_7_stn_temp_data,Lincoln,Anomaly,-0.32
1950,national_7_stn_temp_data,Lincoln,Anomaly,-0.62
1951,national_7_stn_temp_data,Lincoln,Anomaly,-1.03
1952,national_7_stn_temp_data,Lincoln,Anomaly,-0.49
1953,national_7_stn_temp_data,Lincoln,Anomaly,-0.72
1954,national_7_stn_temp_data,Lincoln,Anomaly,0.24
1955,national_7_stn_temp_data,Lincoln,Anomaly,0.53
1956,national_7_stn_temp_data,Lincoln,Anomaly,0.09
1957,national_7_stn_temp_data,Lincoln,Anomaly,-0.12
1958,national_7_stn_temp_data,Lincoln,Anomaly,-0.32
1959,national_7_stn_temp_data,Lincoln,Anomaly,-0.56
1960,national_7_stn_temp_data,Lincoln,Anomaly,-0.41
1961,national_7_stn_temp_data,Lincoln,Anomaly,-0.32
1962,national_7_stn_temp_data,Lincoln,Anomaly,0.13
1963,national_7_stn_temp_data,Lincoln,Anomaly,-0.91
1964,national_7_stn_temp_data,Lincoln,Anomaly,-0.7
1965,national_7_stn_temp_data,Lincoln,Anomaly,-0.64
1966,national_7_stn_temp_data,Lincoln,Anomaly,-0.48
1967,national_7_stn_temp_data,Lincoln,Anomaly,-0.33
1968,national_7_stn_temp_data,Lincoln,Anomaly,-0.28
1969,national_7_stn_temp_data,Lincoln,Anomaly,-0.13
1970,national_7_stn_temp_data,Lincoln,Anomaly,0.11
1971,national_7_stn_temp_data,Lincoln,Anomaly,0.36
1972,national_7_stn_temp_data,Lincoln,Anomaly,-0.35
1973,national_7_stn_temp_data,Lincoln,Anomaly,0.15
1974,national_7_stn_temp_data,Lincoln,Anomaly,-0.4
1975,national_7_stn_temp_data,Lincoln,Anomaly,-0.19
1976,national_7_stn_temp_data,Lincoln,Anomaly,-1.31
1977,national_7_stn_temp_data,Lincoln,Anomaly,-0.84
1978,national_7_stn_temp_data,Lincoln,Anomaly,0.4
1979,national_7_stn_temp_data,Lincoln,Anomaly,-0.11
1980,national_7_stn_temp_data,Lincoln,Anomaly,-0.22
1981,national_7_stn_temp_data,Lincoln,Anomaly,0.25
1982,national_7_stn_temp_data,Lincoln,Anomaly,-0.31
1983,national_7_stn_temp_data,Lincoln,Anomaly,-0.52
1984,national_7_stn_temp_data,Lincoln,Anomaly,-0.06
1985,national_7_stn_temp_data,Lincoln,Anomaly,0.23
1986,national_7_stn_temp_data,Lincoln,Anomaly,-0.12
1987,national_7_stn_temp_data,Lincoln,Anomaly,0.31
1988,national_7_stn_temp_data,Lincoln,Anomaly,0.65
1989,national_7_stn_temp_data,Lincoln,Anomaly,0.4
1990,national_7_stn_temp_data,Lincoln,Anomaly,0.28
1991,national_7_stn_temp_data,Lincoln,Anomaly,-0.58
1992,national_7_stn_temp_data,Lincoln,Anomaly,-1.14
1993,national_7_stn_temp_data,Lincoln,Anomaly,-0.85
1994,national_7_stn_temp_data,Lincoln,Anomaly,-0.34
1995,national_7_stn_temp_data,Lincoln,Anomaly,0.11
1996,national_7_stn_temp_data,Lincoln,Anomaly,-0.14
1997,national_7_stn_temp_data,Lincoln,Anomaly,-0.04
1998,national_7_stn_temp_data,Lincoln,Anomaly,0.84
1999,national_7_stn_temp_data,Lincoln,Anomaly,0.34
2000,national_7_stn_temp_data,Lincoln,Anomaly,0.19
2001,national_7_stn_temp_data,Lincoln,Anomaly,0.16
2002,national_7_stn_temp_data,Lincoln,Anomaly,-0.12
2003,national_7_stn_temp_data,Lincoln,Anomaly,0.01
2004,national_7_stn_temp_data,Lincoln,Anomaly,-0.24
2005,national_7_stn_temp_data,Lincoln,Anomaly,0.5
2006,national_7_stn_temp_data,Lincoln,Anomaly,-0.22
2007,national_7_stn_temp_data,Lincoln,Anomaly,0.05
2008,national_7_stn_temp_data,Lincoln,Anomaly,0.13
2009,national_7_stn_temp_data,Lincoln,Anomaly,-0.25
2010,national_7_stn_temp_data,Lincoln,Anomaly,0.49
2011,national_7_stn_temp_data,Lincoln,Anomaly,-0.05
2012,national_7_stn_temp_data,Lincoln,Anomaly,-0.3
2013,national_7_stn_temp_data,Lincoln,Anomaly,0.73
1909,national_7_stn_temp_data,Dunedin,Temp,11.1
1910,national_7_stn_temp_data,Dunedin,Temp,11.22
1911,national_7_stn_temp_data,Dunedin,Temp,10.57
1912,national_7_stn_temp_data,Dunedin,Temp,10.09
1913,national_7_stn_temp_data,Dunedin,Temp,10.25
1914,national_7_stn_temp_data,Dunedin,Temp,10.54
1915,national_7_stn_temp_data,Dunedin,Temp,10.74
1916,national_7_stn_temp_data,Dunedin,Temp,11.5
1917,national_7_stn_temp_data,Dunedin,Temp,11.48
1918,national_7_stn_temp_data,Dunedin,Temp,10.37
1919,national_7_stn_temp_data,Dunedin,Temp,10.24
1920,national_7_stn_temp_data,Dunedin,Temp,10.44
1921,national_7_stn_temp_data,Dunedin,Temp,10.51
1922,national_7_stn_temp_data,Dunedin,Temp,10.61
1923,national_7_stn_temp_data,Dunedin,Temp,10.78
1924,national_7_stn_temp_data,Dunedin,Temp,11.95
1925,national_7_stn_temp_data,Dunedin,Temp,10.11
1926,national_7_stn_temp_data,Dunedin,Temp,10.57
1927,national_7_stn_temp_data,Dunedin,Temp,10.08
1928,national_7_stn_temp_data,Dunedin,Temp,11.25
1929,national_7_stn_temp_data,Dunedin,Temp,10.42
1930,national_7_stn_temp_data,Dunedin,Temp,9.93
1931,national_7_stn_temp_data,Dunedin,Temp,10.13
1932,national_7_stn_temp_data,Dunedin,Temp,10.07
1933,national_7_stn_temp_data,Dunedin,Temp,10.59
1934,national_7_stn_temp_data,Dunedin,Temp,10.9
1935,national_7_stn_temp_data,Dunedin,Temp,11.12
1936,national_7_stn_temp_data,Dunedin,Temp,10.54
1937,national_7_stn_temp_data,Dunedin,Temp,10.18
1938,national_7_stn_temp_data,Dunedin,Temp,11.39
1939,national_7_stn_temp_data,Dunedin,Temp,10.72
1940,national_7_stn_temp_data,Dunedin,Temp,10.73
1941,national_7_stn_temp_data,Dunedin,Temp,10.34
1942,national_7_stn_temp_data,Dunedin,Temp,10.81
1943,national_7_stn_temp_data,Dunedin,Temp,10.28
1944,national_7_stn_temp_data,Dunedin,Temp,10.19
1945,national_7_stn_temp_data,Dunedin,Temp,10.09
1946,national_7_stn_temp_data,Dunedin,Temp,10.17
1947,national_7_stn_temp_data,Dunedin,Temp,10.8
1948,national_7_stn_temp_data,Dunedin,Temp,10.93
1949,national_7_stn_temp_data,Dunedin,Temp,10.71
1950,national_7_stn_temp_data,Dunedin,Temp,10.75
1951,national_7_stn_temp_data,Dunedin,Temp,10.4
1952,national_7_stn_temp_data,Dunedin,Temp,10.65
1953,national_7_stn_temp_data,Dunedin,Temp,10.6
1954,national_7_stn_temp_data,Dunedin,Temp,11.23
1955,national_7_stn_temp_data,Dunedin,Temp,11.28
1956,national_7_stn_temp_data,Dunedin,Temp,11.59
1957,national_7_stn_temp_data,Dunedin,Temp,11.03
1958,national_7_stn_temp_data,Dunedin,Temp,10.73
1959,national_7_stn_temp_data,Dunedin,Temp,10.85
1960,national_7_stn_temp_data,Dunedin,Temp,10.95
1961,national_7_stn_temp_data,Dunedin,Temp,10.77
1962,national_7_stn_temp_data,Dunedin,Temp,11.3
1963,national_7_stn_temp_data,Dunedin,Temp,10.39
1964,national_7_stn_temp_data,Dunedin,Temp,10.7
1965,national_7_stn_temp_data,Dunedin,Temp,10.56
1966,national_7_stn_temp_data,Dunedin,Temp,10.98
1967,national_7_stn_temp_data,Dunedin,Temp,10.92
1968,national_7_stn_temp_data,Dunedin,Temp,10.83
1969,national_7_stn_temp_data,Dunedin,Temp,10.95
1970,national_7_stn_temp_data,Dunedin,Temp,11.29
1971,national_7_stn_temp_data,Dunedin,Temp,11.73
1972,national_7_stn_temp_data,Dunedin,Temp,10.85
1973,national_7_stn_temp_data,Dunedin,Temp,11.18
1974,national_7_stn_temp_data,Dunedin,Temp,11.07
1975,national_7_stn_temp_data,Dunedin,Temp,11.09
1976,national_7_stn_temp_data,Dunedin,Temp,10.44
1977,national_7_stn_temp_data,Dunedin,Temp,10.47
1978,national_7_stn_temp_data,Dunedin,Temp,11.37
1979,national_7_stn_temp_data,Dunedin,Temp,10.93
1980,national_7_stn_temp_data,Dunedin,Temp,11.01
1981,national_7_stn_temp_data,Dunedin,Temp,11.16
1982,national_7_stn_temp_data,Dunedin,Temp,10.89
1983,national_7_stn_temp_data,Dunedin,Temp,10.38
1984,national_7_stn_temp_data,Dunedin,Temp,11.23
1985,national_7_stn_temp_data,Dunedin,Temp,11.58
1986,national_7_stn_temp_data,Dunedin,Temp,11.4
1987,national_7_stn_temp_data,Dunedin,Temp,11.51
1988,national_7_stn_temp_data,Dunedin,Temp,11.26
1989,national_7_stn_temp_data,Dunedin,Temp,11.28
1990,national_7_stn_temp_data,Dunedin,Temp,11.35
1991,national_7_stn_temp_data,Dunedin,Temp,10.51
1992,national_7_stn_temp_data,Dunedin,Temp,9.84
1993,national_7_stn_temp_data,Dunedin,Temp,10.55
1994,national_7_stn_temp_data,Dunedin,Temp,10.85
1995,national_7_stn_temp_data,Dunedin,Temp,10.66
1996,national_7_stn_temp_data,Dunedin,Temp,10.74
1997,national_7_stn_temp_data,Dunedin,Temp,10.87
1998,national_7_stn_temp_data,Dunedin,Temp,11.7
1999,national_7_stn_temp_data,Dunedin,Temp,12
2000,national_7_stn_temp_data,Dunedin,Temp,10.97
2001,national_7_stn_temp_data,Dunedin,Temp,11.18
2002,national_7_stn_temp_data,Dunedin,Temp,11.32
2003,national_7_stn_temp_data,Dunedin,Temp,10.99
2004,national_7_stn_temp_data,Dunedin,Temp,10.51
2005,national_7_stn_temp_data,Dunedin,Temp,11.35
2006,national_7_stn_temp_data,Dunedin,Temp,11.04
2007,national_7_stn_temp_data,Dunedin,Temp,11.14
2008,national_7_stn_temp_data,Dunedin,Temp,11.35
2009,national_7_stn_temp_data,Dunedin,Temp,10.85
2010,national_7_stn_temp_data,Dunedin,Temp,11.65
2011,national_7_stn_temp_data,Dunedin,Temp,11.37
2012,national_7_stn_temp_data,Dunedin,Temp,11.07
2013,national_7_stn_temp_data,Dunedin,Temp,11.76
1909,national_7_stn_temp_data,Dunedin,Anomaly,0.03
1910,national_7_stn_temp_data,Dunedin,Anomaly,0.16
1911,national_7_stn_temp_data,Dunedin,Anomaly,-0.5
1912,national_7_stn_temp_data,Dunedin,Anomaly,-0.98
1913,national_7_stn_temp_data,Dunedin,Anomaly,-0.82
1914,national_7_stn_temp_data,Dunedin,Anomaly,-0.53
1915,national_7_stn_temp_data,Dunedin,Anomaly,-0.33
1916,national_7_stn_temp_data,Dunedin,Anomaly,0.43
1917,national_7_stn_temp_data,Dunedin,Anomaly,0.41
1918,national_7_stn_temp_data,Dunedin,Anomaly,-0.7
1919,national_7_stn_temp_data,Dunedin,Anomaly,-0.83
1920,national_7_stn_temp_data,Dunedin,Anomaly,-0.63
1921,national_7_stn_temp_data,Dunedin,Anomaly,-0.56
1922,national_7_stn_temp_data,Dunedin,Anomaly,-0.46
1923,national_7_stn_temp_data,Dunedin,Anomaly,-0.29
1924,national_7_stn_temp_data,Dunedin,Anomaly,0.88
1925,national_7_stn_temp_data,Dunedin,Anomaly,-0.96
1926,national_7_stn_temp_data,Dunedin,Anomaly,-0.5
1927,national_7_stn_temp_data,Dunedin,Anomaly,-0.99
1928,national_7_stn_temp_data,Dunedin,Anomaly,0.18
1929,national_7_stn_temp_data,Dunedin,Anomaly,-0.65
1930,national_7_stn_temp_data,Dunedin,Anomaly,-1.14
1931,national_7_stn_temp_data,Dunedin,Anomaly,-0.94
1932,national_7_stn_temp_data,Dunedin,Anomaly,-1
1933,national_7_stn_temp_data,Dunedin,Anomaly,-0.48
1934,national_7_stn_temp_data,Dunedin,Anomaly,-0.17
1935,national_7_stn_temp_data,Dunedin,Anomaly,0.05
1936,national_7_stn_temp_data,Dunedin,Anomaly,-0.53
1937,national_7_stn_temp_data,Dunedin,Anomaly,-0.88
1938,national_7_stn_temp_data,Dunedin,Anomaly,0.32
1939,national_7_stn_temp_data,Dunedin,Anomaly,-0.35
1940,national_7_stn_temp_data,Dunedin,Anomaly,-0.34
1941,national_7_stn_temp_data,Dunedin,Anomaly,-0.73
1942,national_7_stn_temp_data,Dunedin,Anomaly,-0.26
1943,national_7_stn_temp_data,Dunedin,Anomaly,-0.79
1944,national_7_stn_temp_data,Dunedin,Anomaly,-0.88
1945,national_7_stn_temp_data,Dunedin,Anomaly,-0.98
1946,national_7_stn_temp_data,Dunedin,Anomaly,-0.9
1947,national_7_stn_temp_data,Dunedin,Anomaly,-0.27
1948,national_7_stn_temp_data,Dunedin,Anomaly,-0.14
1949,national_7_stn_temp_data,Dunedin,Anomaly,-0.36
1950,national_7_stn_temp_data,Dunedin,Anomaly,-0.32
1951,national_7_stn_temp_data,Dunedin,Anomaly,-0.67
1952,national_7_stn_temp_data,Dunedin,Anomaly,-0.42
1953,national_7_stn_temp_data,Dunedin,Anomaly,-0.47
1954,national_7_stn_temp_data,Dunedin,Anomaly,0.16
1955,national_7_stn_temp_data,Dunedin,Anomaly,0.22
1956,national_7_stn_temp_data,Dunedin,Anomaly,0.52
1957,national_7_stn_temp_data,Dunedin,Anomaly,-0.04
1958,national_7_stn_temp_data,Dunedin,Anomaly,-0.34
1959,national_7_stn_temp_data,Dunedin,Anomaly,-0.22
1960,national_7_stn_temp_data,Dunedin,Anomaly,-0.11
1961,national_7_stn_temp_data,Dunedin,Anomaly,-0.3
1962,national_7_stn_temp_data,Dunedin,Anomaly,0.23
1963,national_7_stn_temp_data,Dunedin,Anomaly,-0.68
1964,national_7_stn_temp_data,Dunedin,Anomaly,-0.37
1965,national_7_stn_temp_data,Dunedin,Anomaly,-0.51
1966,national_7_stn_temp_data,Dunedin,Anomaly,-0.09
1967,national_7_stn_temp_data,Dunedin,Anomaly,-0.15
1968,national_7_stn_temp_data,Dunedin,Anomaly,-0.24
1969,national_7_stn_temp_data,Dunedin,Anomaly,-0.12
1970,national_7_stn_temp_data,Dunedin,Anomaly,0.22
1971,national_7_stn_temp_data,Dunedin,Anomaly,0.66
1972,national_7_stn_temp_data,Dunedin,Anomaly,-0.21
1973,national_7_stn_temp_data,Dunedin,Anomaly,0.11
1974,national_7_stn_temp_data,Dunedin,Anomaly,0
1975,national_7_stn_temp_data,Dunedin,Anomaly,0.02
1976,national_7_stn_temp_data,Dunedin,Anomaly,-0.63
1977,national_7_stn_temp_data,Dunedin,Anomaly,-0.6
1978,national_7_stn_temp_data,Dunedin,Anomaly,0.3
1979,national_7_stn_temp_data,Dunedin,Anomaly,-0.14
1980,national_7_stn_temp_data,Dunedin,Anomaly,-0.06
1981,national_7_stn_temp_data,Dunedin,Anomaly,0.09
1982,national_7_stn_temp_data,Dunedin,Anomaly,-0.18
1983,national_7_stn_temp_data,Dunedin,Anomaly,-0.69
1984,national_7_stn_temp_data,Dunedin,Anomaly,0.16
1985,national_7_stn_temp_data,Dunedin,Anomaly,0.51
1986,national_7_stn_temp_data,Dunedin,Anomaly,0.34
1987,national_7_stn_temp_data,Dunedin,Anomaly,0.44
1988,national_7_stn_temp_data,Dunedin,Anomaly,0.19
1989,national_7_stn_temp_data,Dunedin,Anomaly,0.21
1990,national_7_stn_temp_data,Dunedin,Anomaly,0.29
1991,national_7_stn_temp_data,Dunedin,Anomaly,-0.56
1992,national_7_stn_temp_data,Dunedin,Anomaly,-1.23
1993,national_7_stn_temp_data,Dunedin,Anomaly,-0.52
1994,national_7_stn_temp_data,Dunedin,Anomaly,-0.22
1995,national_7_stn_temp_data,Dunedin,Anomaly,-0.41
1996,national_7_stn_temp_data,Dunedin,Anomaly,-0.33
1997,national_7_stn_temp_data,Dunedin,Anomaly,-0.2
1998,national_7_stn_temp_data,Dunedin,Anomaly,0.63
1999,national_7_stn_temp_data,Dunedin,Anomaly,0.93
2000,national_7_stn_temp_data,Dunedin,Anomaly,-0.1
2001,national_7_stn_temp_data,Dunedin,Anomaly,0.11
2002,national_7_stn_temp_data,Dunedin,Anomaly,0.25
2003,national_7_stn_temp_data,Dunedin,Anomaly,-0.08
2004,national_7_stn_temp_data,Dunedin,Anomaly,-0.56
2005,national_7_stn_temp_data,Dunedin,Anomaly,0.28
2006,national_7_stn_temp_data,Dunedin,Anomaly,-0.03
2007,national_7_stn_temp_data,Dunedin,Anomaly,0.07
2008,national_7_stn_temp_data,Dunedin,Anomaly,0.28
2009,national_7_stn_temp_data,Dunedin,Anomaly,-0.22
2010,national_7_stn_temp_data,Dunedin,Anomaly,0.58
2011,national_7_stn_temp_data,Dunedin,Anomaly,0.3
2012,national_7_stn_temp_data,Dunedin,Anomaly,0
2013,national_7_stn_temp_data,Dunedin,Anomaly,0.69
1909,national_7_stn_temp_data,7_Stn_Composite,Temp,12.39
1910,national_7_stn_temp_data,7_Stn_Composite,Temp,12.46
1911,national_7_stn_temp_data,7_Stn_Composite,Temp,11.95
1912,national_7_stn_temp_data,7_Stn_Composite,Temp,11.33
1913,national_7_stn_temp_data,7_Stn_Composite,Temp,11.57
1914,national_7_stn_temp_data,7_Stn_Composite,Temp,11.58
1915,national_7_stn_temp_data,7_Stn_Composite,Temp,11.94
1916,national_7_stn_temp_data,7_Stn_Composite,Temp,12.99
1917,national_7_stn_temp_data,7_Stn_Composite,Temp,12.8
1918,national_7_stn_temp_data,7_Stn_Composite,Temp,11.81
1919,national_7_stn_temp_data,7_Stn_Composite,Temp,11.39
1920,national_7_stn_temp_data,7_Stn_Composite,Temp,11.54
1921,national_7_stn_temp_data,7_Stn_Composite,Temp,11.86
1922,national_7_stn_temp_data,7_Stn_Composite,Temp,12.01
1923,national_7_stn_temp_data,7_Stn_Composite,Temp,11.85
1924,national_7_stn_temp_data,7_Stn_Composite,Temp,12.81
1925,national_7_stn_temp_data,7_Stn_Composite,Temp,11.59
1926,national_7_stn_temp_data,7_Stn_Composite,Temp,11.78
1927,national_7_stn_temp_data,7_Stn_Composite,Temp,11.62
1928,national_7_stn_temp_data,7_Stn_Composite,Temp,12.7
1929,national_7_stn_temp_data,7_Stn_Composite,Temp,11.95
1930,national_7_stn_temp_data,7_Stn_Composite,Temp,11.25
1931,national_7_stn_temp_data,7_Stn_Composite,Temp,11.45
1932,national_7_stn_temp_data,7_Stn_Composite,Temp,11.6
1933,national_7_stn_temp_data,7_Stn_Composite,Temp,12.06
1934,national_7_stn_temp_data,7_Stn_Composite,Temp,12.27
1935,national_7_stn_temp_data,7_Stn_Composite,Temp,12.47
1936,national_7_stn_temp_data,7_Stn_Composite,Temp,11.88
1937,national_7_stn_temp_data,7_Stn_Composite,Temp,11.67
1938,national_7_stn_temp_data,7_Stn_Composite,Temp,12.85
1939,national_7_stn_temp_data,7_Stn_Composite,Temp,11.93
1940,national_7_stn_temp_data,7_Stn_Composite,Temp,11.74
1941,national_7_stn_temp_data,7_Stn_Composite,Temp,11.73
1942,national_7_stn_temp_data,7_Stn_Composite,Temp,12.03
1943,national_7_stn_temp_data,7_Stn_Composite,Temp,11.76
1944,national_7_stn_temp_data,7_Stn_Composite,Temp,11.78
1945,national_7_stn_temp_data,7_Stn_Composite,Temp,11.53
1946,national_7_stn_temp_data,7_Stn_Composite,Temp,11.8
1947,national_7_stn_temp_data,7_Stn_Composite,Temp,12.06
1948,national_7_stn_temp_data,7_Stn_Composite,Temp,12.29
1949,national_7_stn_temp_data,7_Stn_Composite,Temp,12.01
1950,national_7_stn_temp_data,7_Stn_Composite,Temp,12.12
1951,national_7_stn_temp_data,7_Stn_Composite,Temp,11.8
1952,national_7_stn_temp_data,7_Stn_Composite,Temp,12.12
1953,national_7_stn_temp_data,7_Stn_Composite,Temp,12.06
1954,national_7_stn_temp_data,7_Stn_Composite,Temp,12.59
1955,national_7_stn_temp_data,7_Stn_Composite,Temp,12.78
1956,national_7_stn_temp_data,7_Stn_Composite,Temp,12.92
1957,national_7_stn_temp_data,7_Stn_Composite,Temp,12.46
1958,national_7_stn_temp_data,7_Stn_Composite,Temp,12.39
1959,national_7_stn_temp_data,7_Stn_Composite,Temp,12.15
1960,national_7_stn_temp_data,7_Stn_Composite,Temp,12.27
1961,national_7_stn_temp_data,7_Stn_Composite,Temp,12.28
1962,national_7_stn_temp_data,7_Stn_Composite,Temp,12.91
1963,national_7_stn_temp_data,7_Stn_Composite,Temp,11.96
1964,national_7_stn_temp_data,7_Stn_Composite,Temp,12.02
1965,national_7_stn_temp_data,7_Stn_Composite,Temp,11.88
1966,national_7_stn_temp_data,7_Stn_Composite,Temp,12.15
1967,national_7_stn_temp_data,7_Stn_Composite,Temp,12.27
1968,national_7_stn_temp_data,7_Stn_Composite,Temp,12.21
1969,national_7_stn_temp_data,7_Stn_Composite,Temp,12.18
1970,national_7_stn_temp_data,7_Stn_Composite,Temp,12.87
1971,national_7_stn_temp_data,7_Stn_Composite,Temp,13.1
1972,national_7_stn_temp_data,7_Stn_Composite,Temp,12.24
1973,national_7_stn_temp_data,7_Stn_Composite,Temp,12.69
1974,national_7_stn_temp_data,7_Stn_Composite,Temp,12.74
1975,national_7_stn_temp_data,7_Stn_Composite,Temp,12.61
1976,national_7_stn_temp_data,7_Stn_Composite,Temp,11.73
1977,national_7_stn_temp_data,7_Stn_Composite,Temp,11.77
1978,national_7_stn_temp_data,7_Stn_Composite,Temp,12.82
1979,national_7_stn_temp_data,7_Stn_Composite,Temp,12.55
1980,national_7_stn_temp_data,7_Stn_Composite,Temp,12.25
1981,national_7_stn_temp_data,7_Stn_Composite,Temp,12.86
1982,national_7_stn_temp_data,7_Stn_Composite,Temp,12.11
1983,national_7_stn_temp_data,7_Stn_Composite,Temp,12.03
1984,national_7_stn_temp_data,7_Stn_Composite,Temp,12.68
1985,national_7_stn_temp_data,7_Stn_Composite,Temp,12.85
1986,national_7_stn_temp_data,7_Stn_Composite,Temp,12.65
1987,national_7_stn_temp_data,7_Stn_Composite,Temp,12.77
1988,national_7_stn_temp_data,7_Stn_Composite,Temp,12.93
1989,national_7_stn_temp_data,7_Stn_Composite,Temp,12.97
1990,national_7_stn_temp_data,7_Stn_Composite,Temp,12.99
1991,national_7_stn_temp_data,7_Stn_Composite,Temp,12.17
1992,national_7_stn_temp_data,7_Stn_Composite,Temp,11.48
1993,national_7_stn_temp_data,7_Stn_Composite,Temp,11.84
1994,national_7_stn_temp_data,7_Stn_Composite,Temp,12.33
1995,national_7_stn_temp_data,7_Stn_Composite,Temp,12.59
1996,national_7_stn_temp_data,7_Stn_Composite,Temp,12.45
1997,national_7_stn_temp_data,7_Stn_Composite,Temp,12.27
1998,national_7_stn_temp_data,7_Stn_Composite,Temp,13.41
1999,national_7_stn_temp_data,7_Stn_Composite,Temp,13.35
2000,national_7_stn_temp_data,7_Stn_Composite,Temp,12.79
2001,national_7_stn_temp_data,7_Stn_Composite,Temp,12.9
2002,national_7_stn_temp_data,7_Stn_Composite,Temp,12.67
2003,national_7_stn_temp_data,7_Stn_Composite,Temp,12.62
2004,national_7_stn_temp_data,7_Stn_Composite,Temp,12.17
2005,national_7_stn_temp_data,7_Stn_Composite,Temp,13.11
2006,national_7_stn_temp_data,7_Stn_Composite,Temp,12.4
2007,national_7_stn_temp_data,7_Stn_Composite,Temp,12.67
2008,national_7_stn_temp_data,7_Stn_Composite,Temp,12.86
2009,national_7_stn_temp_data,7_Stn_Composite,Temp,12.29
2010,national_7_stn_temp_data,7_Stn_Composite,Temp,13.07
2011,national_7_stn_temp_data,7_Stn_Composite,Temp,12.83
2012,national_7_stn_temp_data,7_Stn_Composite,Temp,12.45
2013,national_7_stn_temp_data,7_Stn_Composite,Temp,13.33
1909,national_7_stn_temp_data,7_Stn_Composite,Anomaly,-0.22
1910,national_7_stn_temp_data,7_Stn_Composite,Anomaly,-0.15
1911,national_7_stn_temp_data,7_Stn_Composite,Anomaly,-0.66
1912,national_7_stn_temp_data,7_Stn_Composite,Anomaly,-1.28
1913,national_7_stn_temp_data,7_Stn_Composite,Anomaly,-1.04
1914,national_7_stn_temp_data,7_Stn_Composite,Anomaly,-1.03
1915,national_7_stn_temp_data,7_Stn_Composite,Anomaly,-0.67
1916,national_7_stn_temp_data,7_Stn_Composite,Anomaly,0.38
1917,national_7_stn_temp_data,7_Stn_Composite,Anomaly,0.19
1918,national_7_stn_temp_data,7_Stn_Composite,Anomaly,-0.8
1919,national_7_stn_temp_data,7_Stn_Composite,Anomaly,-1.22
1920,national_7_stn_temp_data,7_Stn_Composite,Anomaly,-1.07
1921,national_7_stn_temp_data,7_Stn_Composite,Anomaly,-0.75
1922,national_7_stn_temp_data,7_Stn_Composite,Anomaly,-0.6
1923,national_7_stn_temp_data,7_Stn_Composite,Anomaly,-0.76
1924,national_7_stn_temp_data,7_Stn_Composite,Anomaly,0.2
1925,national_7_stn_temp_data,7_Stn_Composite,Anomaly,-1.02
1926,national_7_stn_temp_data,7_Stn_Composite,Anomaly,-0.83
1927,national_7_stn_temp_data,7_Stn_Composite,Anomaly,-0.99
1928,national_7_stn_temp_data,7_Stn_Composite,Anomaly,0.09
1929,national_7_stn_temp_data,7_Stn_Composite,Anomaly,-0.66
1930,national_7_stn_temp_data,7_Stn_Composite,Anomaly,-1.36
1931,national_7_stn_temp_data,7_Stn_Composite,Anomaly,-1.16
1932,national_7_stn_temp_data,7_Stn_Composite,Anomaly,-1.01
1933,national_7_stn_temp_data,7_Stn_Composite,Anomaly,-0.55
1934,national_7_stn_temp_data,7_Stn_Composite,Anomaly,-0.34
1935,national_7_stn_temp_data,7_Stn_Composite,Anomaly,-0.14
1936,national_7_stn_temp_data,7_Stn_Composite,Anomaly,-0.72
1937,national_7_stn_temp_data,7_Stn_Composite,Anomaly,-0.94
1938,national_7_stn_temp_data,7_Stn_Composite,Anomaly,0.24
1939,national_7_stn_temp_data,7_Stn_Composite,Anomaly,-0.68
1940,national_7_stn_temp_data,7_Stn_Composite,Anomaly,-0.86
1941,national_7_stn_temp_data,7_Stn_Composite,Anomaly,-0.88
1942,national_7_stn_temp_data,7_Stn_Composite,Anomaly,-0.58
1943,national_7_stn_temp_data,7_Stn_Composite,Anomaly,-0.85
1944,national_7_stn_temp_data,7_Stn_Composite,Anomaly,-0.83
1945,national_7_stn_temp_data,7_Stn_Composite,Anomaly,-1.07
1946,national_7_stn_temp_data,7_Stn_Composite,Anomaly,-0.81
1947,national_7_stn_temp_data,7_Stn_Composite,Anomaly,-0.55
1948,national_7_stn_temp_data,7_Stn_Composite,Anomaly,-0.32
1949,national_7_stn_temp_data,7_Stn_Composite,Anomaly,-0.6
1950,national_7_stn_temp_data,7_Stn_Composite,Anomaly,-0.48
1951,national_7_stn_temp_data,7_Stn_Composite,Anomaly,-0.81
1952,national_7_stn_temp_data,7_Stn_Composite,Anomaly,-0.48
1953,national_7_stn_temp_data,7_Stn_Composite,Anomaly,-0.55
1954,national_7_stn_temp_data,7_Stn_Composite,Anomaly,-0.01
1955,national_7_stn_temp_data,7_Stn_Composite,Anomaly,0.18
1956,national_7_stn_temp_data,7_Stn_Composite,Anomaly,0.31
1957,national_7_stn_temp_data,7_Stn_Composite,Anomaly,-0.15
1958,national_7_stn_temp_data,7_Stn_Composite,Anomaly,-0.22
1959,national_7_stn_temp_data,7_Stn_Composite,Anomaly,-0.46
1960,national_7_stn_temp_data,7_Stn_Composite,Anomaly,-0.34
1961,national_7_stn_temp_data,7_Stn_Composite,Anomaly,-0.33
1962,national_7_stn_temp_data,7_Stn_Composite,Anomaly,0.3
1963,national_7_stn_temp_data,7_Stn_Composite,Anomaly,-0.65
1964,national_7_stn_temp_data,7_Stn_Composite,Anomaly,-0.59
1965,national_7_stn_temp_data,7_Stn_Composite,Anomaly,-0.73
1966,national_7_stn_temp_data,7_Stn_Composite,Anomaly,-0.46
1967,national_7_stn_temp_data,7_Stn_Composite,Anomaly,-0.34
1968,national_7_stn_temp_data,7_Stn_Composite,Anomaly,-0.4
1969,national_7_stn_temp_data,7_Stn_Composite,Anomaly,-0.43
1970,national_7_stn_temp_data,7_Stn_Composite,Anomaly,0.26
1971,national_7_stn_temp_data,7_Stn_Composite,Anomaly,0.5
1972,national_7_stn_temp_data,7_Stn_Composite,Anomaly,-0.37
1973,national_7_stn_temp_data,7_Stn_Composite,Anomaly,0.08
1974,national_7_stn_temp_data,7_Stn_Composite,Anomaly,0.13
1975,national_7_stn_temp_data,7_Stn_Composite,Anomaly,0
1976,national_7_stn_temp_data,7_Stn_Composite,Anomaly,-0.88
1977,national_7_stn_temp_data,7_Stn_Composite,Anomaly,-0.84
1978,national_7_stn_temp_data,7_Stn_Composite,Anomaly,0.21
1979,national_7_stn_temp_data,7_Stn_Composite,Anomaly,-0.06
1980,national_7_stn_temp_data,7_Stn_Composite,Anomaly,-0.35
1981,national_7_stn_temp_data,7_Stn_Composite,Anomaly,0.25
1982,national_7_stn_temp_data,7_Stn_Composite,Anomaly,-0.49
1983,national_7_stn_temp_data,7_Stn_Composite,Anomaly,-0.58
1984,national_7_stn_temp_data,7_Stn_Composite,Anomaly,0.07
1985,national_7_stn_temp_data,7_Stn_Composite,Anomaly,0.24
1986,national_7_stn_temp_data,7_Stn_Composite,Anomaly,0.05
1987,national_7_stn_temp_data,7_Stn_Composite,Anomaly,0.16
1988,national_7_stn_temp_data,7_Stn_Composite,Anomaly,0.32
1989,national_7_stn_temp_data,7_Stn_Composite,Anomaly,0.36
1990,national_7_stn_temp_data,7_Stn_Composite,Anomaly,0.38
1991,national_7_stn_temp_data,7_Stn_Composite,Anomaly,-0.44
1992,national_7_stn_temp_data,7_Stn_Composite,Anomaly,-1.13
1993,national_7_stn_temp_data,7_Stn_Composite,Anomaly,-0.77
1994,national_7_stn_temp_data,7_Stn_Composite,Anomaly,-0.28
1995,national_7_stn_temp_data,7_Stn_Composite,Anomaly,-0.02
1996,national_7_stn_temp_data,7_Stn_Composite,Anomaly,-0.16
1997,national_7_stn_temp_data,7_Stn_Composite,Anomaly,-0.33
1998,national_7_stn_temp_data,7_Stn_Composite,Anomaly,0.8
1999,national_7_stn_temp_data,7_Stn_Composite,Anomaly,0.74
2000,national_7_stn_temp_data,7_Stn_Composite,Anomaly,0.18
2001,national_7_stn_temp_data,7_Stn_Composite,Anomaly,0.29
2002,national_7_stn_temp_data,7_Stn_Composite,Anomaly,0.06
2003,national_7_stn_temp_data,7_Stn_Composite,Anomaly,0.01
2004,national_7_stn_temp_data,7_Stn_Composite,Anomaly,-0.44
2005,national_7_stn_temp_data,7_Stn_Composite,Anomaly,0.5
2006,national_7_stn_temp_data,7_Stn_Composite,Anomaly,-0.21
2007,national_7_stn_temp_data,7_Stn_Composite,Anomaly,0.06
2008,national_7_stn_temp_data,7_Stn_Composite,Anomaly,0.25
2009,national_7_stn_temp_data,7_Stn_Composite,Anomaly,-0.32
2010,national_7_stn_temp_data,7_Stn_Composite,Anomaly,0.46
2011,national_7_stn_temp_data,7_Stn_Composite,Anomaly,0.22
2012,national_7_stn_temp_data,7_Stn_Composite,Anomaly,-0.15
2013,national_7_stn_temp_data,7_Stn_Composite,Anomaly,0.72
1981_2010,national_7_stn_temp_data,Auckland,average_temp,15.44
1981_2010,national_7_stn_temp_data,Masterton,average_temp,12.57
1981_2010,national_7_stn_temp_data,Wellington,average_temp,12.9
1981_2010,national_7_stn_temp_data,Hokitika,average_temp,11.72
1981_2010,national_7_stn_temp_data,Nelson,average_temp,12.88
1981_2010,national_7_stn_temp_data,Lincoln,average_temp,11.69
1981_2010,national_7_stn_temp_data,Dunedin,average_temp,11.07
1981_2010,national_7_stn_temp_data,7_Stn_Composite,average_temp,12.61
1909,national_7_stn_temp_data,7_Stn_Composite,5_yr_mean,-0.19
1910,national_7_stn_temp_data,7_Stn_Composite,5_yr_mean,-0.34
1911,national_7_stn_temp_data,7_Stn_Composite,5_yr_mean,-0.67
1912,national_7_stn_temp_data,7_Stn_Composite,5_yr_mean,-0.83
1913,national_7_stn_temp_data,7_Stn_Composite,5_yr_mean,-0.94
1914,national_7_stn_temp_data,7_Stn_Composite,5_yr_mean,-0.73
1915,national_7_stn_temp_data,7_Stn_Composite,5_yr_mean,-0.43
1916,national_7_stn_temp_data,7_Stn_Composite,5_yr_mean,-0.39
1917,national_7_stn_temp_data,7_Stn_Composite,5_yr_mean,-0.42
1918,national_7_stn_temp_data,7_Stn_Composite,5_yr_mean,-0.5
1919,national_7_stn_temp_data,7_Stn_Composite,5_yr_mean,-0.73
1920,national_7_stn_temp_data,7_Stn_Composite,5_yr_mean,-0.89
1921,national_7_stn_temp_data,7_Stn_Composite,5_yr_mean,-0.88
1922,national_7_stn_temp_data,7_Stn_Composite,5_yr_mean,-0.6
1923,national_7_stn_temp_data,7_Stn_Composite,5_yr_mean,-0.59
1924,national_7_stn_temp_data,7_Stn_Composite,5_yr_mean,-0.6
1925,national_7_stn_temp_data,7_Stn_Composite,5_yr_mean,-0.68
1926,national_7_stn_temp_data,7_Stn_Composite,5_yr_mean,-0.51
1927,national_7_stn_temp_data,7_Stn_Composite,5_yr_mean,-0.68
1928,national_7_stn_temp_data,7_Stn_Composite,5_yr_mean,-0.75
1929,national_7_stn_temp_data,7_Stn_Composite,5_yr_mean,-0.82
1930,national_7_stn_temp_data,7_Stn_Composite,5_yr_mean,-0.82
1931,national_7_stn_temp_data,7_Stn_Composite,5_yr_mean,-0.95
1932,national_7_stn_temp_data,7_Stn_Composite,5_yr_mean,-0.88
1933,national_7_stn_temp_data,7_Stn_Composite,5_yr_mean,-0.64
1934,national_7_stn_temp_data,7_Stn_Composite,5_yr_mean,-0.55
1935,national_7_stn_temp_data,7_Stn_Composite,5_yr_mean,-0.54
1936,national_7_stn_temp_data,7_Stn_Composite,5_yr_mean,-0.38
1937,national_7_stn_temp_data,7_Stn_Composite,5_yr_mean,-0.45
1938,national_7_stn_temp_data,7_Stn_Composite,5_yr_mean,-0.59
1939,national_7_stn_temp_data,7_Stn_Composite,5_yr_mean,-0.62
1940,national_7_stn_temp_data,7_Stn_Composite,5_yr_mean,-0.55
1941,national_7_stn_temp_data,7_Stn_Composite,5_yr_mean,-0.77
1942,national_7_stn_temp_data,7_Stn_Composite,5_yr_mean,-0.8
1943,national_7_stn_temp_data,7_Stn_Composite,5_yr_mean,-0.84
1944,national_7_stn_temp_data,7_Stn_Composite,5_yr_mean,-0.83
1945,national_7_stn_temp_data,7_Stn_Composite,5_yr_mean,-0.82
1946,national_7_stn_temp_data,7_Stn_Composite,5_yr_mean,-0.72
1947,national_7_stn_temp_data,7_Stn_Composite,5_yr_mean,-0.67
1948,national_7_stn_temp_data,7_Stn_Composite,5_yr_mean,-0.55
1949,national_7_stn_temp_data,7_Stn_Composite,5_yr_mean,-0.55
1950,national_7_stn_temp_data,7_Stn_Composite,5_yr_mean,-0.54
1951,national_7_stn_temp_data,7_Stn_Composite,5_yr_mean,-0.58
1952,national_7_stn_temp_data,7_Stn_Composite,5_yr_mean,-0.47
1953,national_7_stn_temp_data,7_Stn_Composite,5_yr_mean,-0.33
1954,national_7_stn_temp_data,7_Stn_Composite,5_yr_mean,-0.11
1955,national_7_stn_temp_data,7_Stn_Composite,5_yr_mean,-0.04
1956,national_7_stn_temp_data,7_Stn_Composite,5_yr_mean,0.02
1957,national_7_stn_temp_data,7_Stn_Composite,5_yr_mean,-0.07
1958,national_7_stn_temp_data,7_Stn_Composite,5_yr_mean,-0.17
1959,national_7_stn_temp_data,7_Stn_Composite,5_yr_mean,-0.3
1960,national_7_stn_temp_data,7_Stn_Composite,5_yr_mean,-0.21
1977,national_7_stn_temp_data,7_Stn_Composite,5_yr_mean,-0.31
1978,national_7_stn_temp_data,7_Stn_Composite,5_yr_mean,-0.38
1979,national_7_stn_temp_data,7_Stn_Composite,5_yr_mean,-0.16
1980,national_7_stn_temp_data,7_Stn_Composite,5_yr_mean,-0.09
1981,national_7_stn_temp_data,7_Stn_Composite,5_yr_mean,-0.25
1982,national_7_stn_temp_data,7_Stn_Composite,5_yr_mean,-0.22
1983,national_7_stn_temp_data,7_Stn_Composite,5_yr_mean,-0.1
1984,national_7_stn_temp_data,7_Stn_Composite,5_yr_mean,-0.14
1985,national_7_stn_temp_data,7_Stn_Composite,5_yr_mean,-0.01
1986,national_7_stn_temp_data,7_Stn_Composite,5_yr_mean,0.17
1987,national_7_stn_temp_data,7_Stn_Composite,5_yr_mean,0.23
1988,national_7_stn_temp_data,7_Stn_Composite,5_yr_mean,0.25
1989,national_7_stn_temp_data,7_Stn_Composite,5_yr_mean,0.16
1990,national_7_stn_temp_data,7_Stn_Composite,5_yr_mean,-0.1
1991,national_7_stn_temp_data,7_Stn_Composite,5_yr_mean,-0.32
1992,national_7_stn_temp_data,7_Stn_Composite,5_yr_mean,-0.45
1993,national_7_stn_temp_data,7_Stn_Composite,5_yr_mean,-0.53
1994,national_7_stn_temp_data,7_Stn_Composite,5_yr_mean,-0.47
1995,national_7_stn_temp_data,7_Stn_Composite,5_yr_mean,-0.31
1996,national_7_stn_temp_data,7_Stn_Composite,5_yr_mean,0
1997,national_7_stn_temp_data,7_Stn_Composite,5_yr_mean,0.21
1998,national_7_stn_temp_data,7_Stn_Composite,5_yr_mean,0.25
1999,national_7_stn_temp_data,7_Stn_Composite,5_yr_mean,0.34
2000,national_7_stn_temp_data,7_Stn_Composite,5_yr_mean,0.41
2001,national_7_stn_temp_data,7_Stn_Composite,5_yr_mean,0.26
2002,national_7_stn_temp_data,7_Stn_Composite,5_yr_mean,0.02
2003,national_7_stn_temp_data,7_Stn_Composite,5_yr_mean,0.08
2004,national_7_stn_temp_data,7_Stn_Composite,5_yr_mean,-0.02
2005,national_7_stn_temp_data,7_Stn_Composite,5_yr_mean,-0.02
2006,national_7_stn_temp_data,7_Stn_Composite,5_yr_mean,0.03
2007,national_7_stn_temp_data,7_Stn_Composite,5_yr_mean,0.06
2008,national_7_stn_temp_data,7_Stn_Composite,5_yr_mean,0.05
2009,national_7_stn_temp_data,7_Stn_Composite,5_yr_mean,0.13
2010,national_7_stn_temp_data,7_Stn_Composite,5_yr_mean,0.09
2011,national_7_stn_temp_data,7_Stn_Composite,5_yr_mean,0.19
2012,national_7_stn_temp_data,7_Stn_Composite,5_yr_mean,0.26
2013,national_7_stn_temp_data,7_Stn_Composite,5_yr_mean,0.26
